capacity_kwh,power_kw,bound,grid_import_kwh_yr,pv_export_kwh_yr,night_grid_import_kwh_yr,nonev_night_grid_import_kwh_yr,night_self_sufficiency_pct,nonev_night_self_sufficiency_pct,cycles_per_yr,marginal_kwh_per_kwh,nonev_marginal_kwh_per_kwh
0.0,2.5,charge_first,4469.281294121165,4016.469487743705,2689.5648960233802,2130.1586375153283,0.0,0.0,,,
0.5,2.5,charge_first,4193.127923960677,3709.632409786914,2675.2054393181393,2116.056430598516,0.5338951562935623,0.6620261359154722,613.6741559124126,552.3067403209752,28.20441383362504
1.0,2.5,charge_first,4072.898998074716,3576.0447143584015,2641.815517163354,2083.456729729454,1.7753570077682634,2.192414544315291,440.4247733848297,240.45785177192283,65.19940173812392
1.5,2.5,charge_first,3965.6099798561377,3456.834694115583,2596.831203264601,2039.1668779430506,3.4479068676085745,4.2715954563089635,373.08986241846645,214.5780364371567,88.57970357280647
2.0,2.5,charge_first,3866.2218568067815,3346.4034462827785,2542.10466491864,1985.247543181608,5.48267979414685,6.802831102886698,335.0330207302895,198.77624609871236,107.83866952288508
2.5,2.5,charge_first,3774.0212233227194,3243.9582979671895,2480.8948701816735,1925.1200856761716,7.758504959305224,9.625506205411948,309.00447591047623,184.40126696812422,120.25491501087299
3.0,2.5,charge_first,3688.017269207528,3148.398348950602,2416.758421127063,1862.0454652103217,10.143145283449806,12.586535461872483,289.357046264264,172.00790823038278,126.14924093169975
3.5,2.5,charge_first,3606.6211600201623,3057.939025479959,2350.3190983289755,1796.6445992957638,12.61340814627645,15.656769986322894,273.8603600320785,162.79221837473142,130.80173182911585
4.0,2.5,charge_first,3529.748831934868,2972.4542623947395,2284.681170902641,1732.0363614052146,15.0538745400557,18.689794698787964,260.981239496208,153.7446561705883,129.21647578109832
4.5,2.5,charge_first,3458.3617958014706,2893.064268144983,2222.2937721642847,1670.6083430386018,17.373483887671682,21.573524449463434,249.609752671523,142.77407226679497,122.85603673322566
5.0,2.5,charge_first,3392.4338584342663,2819.7399391909253,2164.282737202549,1613.613170069552,19.530376812899362,24.249154891500858,239.29943015264385,131.85587473440864,113.99034593809938
5.5,2.5,charge_first,3332.7285346150657,2753.329625290182,2112.0769720374387,1562.3522528697872,21.47142553949073,26.655591496596,229.60661808204037,119.41064763840131,102.52183439952978
6.0,2.5,charge_first,3279.2040765216057,2693.786939973689,2065.537044125753,1516.7075994677664,23.20181427190232,28.798373381388487,220.38466992583483,107.04891618692,91.28930680404164
6.5,2.5,charge_first,3231.0914704372362,2640.257423556121,2025.3306161063324,1477.3965931286637,24.696718822406638,30.643823088596967,211.65638011690743,96.22521216873884,78.62201267820546
7.0,2.5,charge_first,3188.9317386758835,2593.3422119418324,1990.9949375173549,1443.9563362199751,25.97334459335361,32.2136712829875,203.23008816592468,84.31946352270552,66.88051381737705
7.5,2.5,charge_first,3151.607731118663,2551.8000272210948,1961.1782053492066,1415.0457545826296,27.081952614384576,33.57087450382685,195.21089822259833,74.64801511444057,57.821163274691116
8.0,2.5,charge_first,3118.102529553808,2514.50096026973,1936.1081471776802,1390.9350767828848,28.014075806823367,34.70274690877918,187.6637173010163,67.01040312971054,48.22135559948947
8.5,2.5,charge_first,3088.651272903719,2481.7062765568458,1915.8799135509826,1371.7004461810202,28.76617640334014,35.60571395842111,180.47451257744484,58.902513300177816,38.469261203729275
9.0,2.5,charge_first,3063.1990556216792,2453.3549699196524,1899.03591958142,1355.8797912746834,29.39244848156615,36.34841239541594,173.59039981475098,50.904434564079565,31.641309812673626
9.5,2.5,charge_first,3040.998039969972,2428.6161095383723,1884.6397916964,1342.4586133752832,29.927707099281797,36.97846771913845,167.05067300014005,44.40203130341433,26.842355798800327
10.0,2.5,charge_first,3021.576843931401,2406.9659376161358,1872.5830680603804,1331.2973114195845,30.375984947265533,37.502433482022546,160.85605002108477,38.842392077141994,22.322603911397437
10.5,2.5,charge_first,3004.825875803841,2388.313990556971,1862.1521280028865,1321.7087486852222,30.763814966645864,37.95256722161795,154.96882733516617,33.5019362551202,19.177125468724626
11.0,2.5,charge_first,2989.9403347070343,2371.7745004494022,1853.204854699339,1313.5670250447272,31.09648116543423,38.33477930184085,149.42837973880006,29.771082193613438,16.283447280990003
11.5,2.5,charge_first,2976.819548132563,2357.195848700002,1845.476580001773,1306.5728834047993,31.3838240999361,38.66311830517846,144.19920251097503,26.241573148942734,13.98828327985575
12.0,2.5,charge_first,2964.8403858583038,2343.8856683952517,1838.4441296447803,1300.1800199623153,31.645295773937743,38.963230387438244,139.30008409841406,23.95832454851825,12.785726884967971
12.5,2.5,charge_first,2953.874442877169,2331.7012873051094,1832.1792053897734,1294.5231177701392,31.87823026324008,39.22879287149692,134.70283122168925,21.931885962269916,11.313804384352352
13.0,2.5,charge_first,2944.004317534978,2320.734481369363,1826.7753873373883,1289.6949279408152,32.07914819090841,39.4554515693184,130.36555355437423,19.740250684381863,9.656379658647893
13.5,2.5,charge_first,2935.056151401745,2310.792074554645,1821.9772875502222,1285.4724563767065,32.25754506819738,39.653674907700086,126.27367429789473,17.896332266465834,8.444943128217346
14.0,2.5,charge_first,2926.9287496106663,2301.761628120117,1817.5596787811617,1281.568839017592,32.42179500972481,39.83692967992061,122.40893210400789,16.254803582157365,7.807234718229211
14.5,2.5,charge_first,2919.646188585383,2293.6698936475827,1813.5412449143694,1278.100026292474,32.571203334942524,39.999772609269954,118.74598509852744,14.56512205056697,6.937625450235828
15.0,2.5,charge_first,2913.0785838339793,2286.3725550349186,1809.7930489644848,1274.8730407676455,32.71056401575103,40.1512629944458,115.27427483608783,13.135209502806902,6.453971049656957
15.5,2.5,charge_first,2907.061962928219,2279.687420695172,1806.0009086596158,1271.6155869302522,32.85155857998243,40.3041837103035,111.98704883103605,12.033241811520384,6.5149076747866275
16.0,2.5,charge_first,2901.406128312657,2273.4031600112307,1802.1791850933103,1268.3694915870078,32.99365307162143,40.45657120323835,108.8802198478128,11.311669231124142,6.4921906864888115
16.5,2.5,charge_first,2896.0547047413206,2267.45713382086,1798.6708067014204,1265.3931600868145,33.12409715932787,40.596294670203456,105.94118447002296,10.702847142672908,5.952663000386565
17.0,2.5,charge_first,2891.11063333079,2261.963721142486,1795.6537796678363,1262.8238438933859,33.23627244232791,40.71691086038661,103.1484092019855,9.888142821061592,5.138632386857353
17.5,2.5,charge_first,2886.4412699432846,2256.775539600815,1792.6937547310529,1260.311529796761,33.346328345465245,40.8348510950893,100.49777931288156,9.3387267750104,5.024628193249555
18.0,2.5,charge_first,2882.033258130722,2251.8777486979693,1789.817152287408,1257.8826381932715,33.45328253898175,40.94887507249234,97.97827382657061,8.816023625125126,4.857783206979093
18.5,2.5,charge_first,2877.954969076018,2247.3463164149657,1787.2677926503643,1255.7778316823715,33.54806960438452,41.04768492044598,95.57515465736623,8.156578109407747,4.2096130218001235
19.0,2.5,charge_first,2874.138347121451,2243.1056253543393,1784.9551853715896,1253.8223860843784,33.63405404306433,41.13948304118472,93.28321327483708,7.633243909134762,3.910891195986096
19.5,2.5,charge_first,2870.9028814116914,2239.5106634546055,1782.87848013416,1252.065474304203,33.711267470429476,41.22196101954903,91.07569303187887,6.47093141951882,3.513823560350829
20.0,2.5,charge_first,2867.9607816049415,2236.2416636693315,1780.8055823419816,1250.3736906365566,33.78833933418124,41.30138156775851,88.96225069534576,5.884199613499732,3.3835673352928097
20.5,2.5,charge_first,2865.0377397531665,2232.993839389575,1778.91516830805,1248.8670287513296,33.85862631765306,41.37211159972386,86.95087015544726,5.8460837035499935,3.013323770454008
21.0,2.5,charge_first,2862.253885939484,2229.9006684854908,1777.3081941246355,1247.5919352145677,33.918374799118965,41.431970687883094,85.02790519479785,5.567707627365053,2.55018707352383
21.5,2.5,charge_first,2859.5928686051607,2226.9439825584673,1775.9164764508128,1246.4560523065493,33.97011988531787,41.48529455250114,83.18803232640839,5.3220346686466655,2.2717658160368046
22.0,2.5,charge_first,2857.072267916806,2224.1433151269553,1774.473567996009,1245.299381206066,34.02376828238527,41.53959431591371,81.42469829314952,5.041201376709068,2.3133422009664173
22.5,2.5,charge_first,2854.5858697939793,2221.3806505460384,1773.1747068786535,1244.3582681143478,34.072060893553555,41.583774738683346,79.73804564578708,4.972796245653626,1.8822261834366145
23.0,2.5,charge_first,2852.2272758315753,2218.7599905878114,1771.8299263533288,1243.3972397377281,34.12206082206666,41.628890081723746,78.11855160819276,4.717187924808059,1.9220567532393034
23.5,2.5,charge_first,2850.040715850906,2216.3304794981796,1770.5417250937533,1242.4506688582355,34.169957091886346,41.67332671957888,76.55983821608793,4.373119961338489,1.8931417589851662
24.0,2.5,charge_first,2847.970464026878,2214.030199693705,1769.25026613764,1241.4790033593777,34.21797448525815,41.71894142083846,75.06068657843922,4.140503648056438,1.9433309977157478
24.5,2.5,charge_first,2845.9349374165395,2211.768503459996,1768.1186486953611,1240.6671793743533,34.26004885364213,41.75705238453511,73.62114996392856,4.071053220676731,1.6236479700487507
25.0,2.5,charge_first,2844.0161766730066,2209.6365470782944,1766.951385488497,1239.8197096247454,34.303448557757456,41.79683673367619,72.23400521991816,3.8375214870657146,1.6949394992157067
25.5,2.5,charge_first,2842.205037398874,2207.6241701070317,1765.7162444740595,1238.904362067562,34.34937200865703,41.83980759702236,70.89656892036136,3.622278548265058,1.8306951143667902
26.0,2.5,charge_first,2840.498856041523,2205.7284130433122,1764.4709157932512,1237.9788268440095,34.39567424448149,41.88325671894465,69.60608709742063,3.412362714701885,1.8510704471050303
26.5,2.5,charge_first,2838.835930063794,2203.8807175125044,1763.2647646823766,1237.089248089995,34.4405198294554,41.92501786942179,68.36248905900925,3.325851955458347,1.7791575080291295
27.0,2.5,charge_first,2837.192780764958,2202.05499606935,1762.0138184238476,1236.15809528872,34.48703093094912,41.96873070774642,67.16413635210733,3.2862985976717027,1.8623056025498954
27.5,2.5,charge_first,2835.5938134786797,2200.278365751265,1760.8015108888242,1235.2655812109529,34.53210541629862,42.010629656587525,66.00757497545399,3.1979345725567327,1.7850281555342917
28.0,2.5,charge_first,2834.068877300394,2198.583992219837,1759.6493555309683,1234.428350205101,34.574943399481675,42.04993334933167,64.88938161987188,3.049872356571541,1.6744620117037812
28.5,2.5,charge_first,2832.6519458680987,2197.0096239617324,1758.6601888089922,1233.758976940381,34.61172134536573,42.08135698384092,63.80621240752695,2.8338628645906283,1.338746529439959
29.0,2.5,charge_first,2831.2964324376107,2195.503497927856,1757.7843933682996,1233.1487954371544,34.64428406366963,42.110001869366364,62.758040677530836,2.711026860975835,1.2203630064532263
29.5,2.5,charge_first,2830.054569672682,2194.123650411269,1756.839525315424,1232.4224510859895,34.67941495247149,42.14410000357914,61.74111956491458,2.483725529857111,1.4526887023298514
30.0,2.5,charge_first,2828.898375438949,2192.8389901515657,1755.9404316721364,1231.7152335170558,34.712843915074956,42.17730023366898,60.75492291415615,2.3123884674660076,1.4144351378672582
0.0,3.0,charge_first,4469.281294121165,4016.469487743705,2689.5648960233802,2130.1586375153283,0.0,0.0,,,
0.5,3.0,charge_first,4193.127923960677,3709.632409786914,2675.2054393181393,2116.056430598516,0.5338951562935623,0.6620261359154722,613.6741559124126,552.3067403209752,28.20441383362504
1.0,3.0,charge_first,4072.8370008859656,3575.9758285931243,2641.8496480882113,2083.4908606543117,1.77408799489156,2.190812272810394,440.4936591501072,240.58184614942365,65.13113988840814
1.5,3.0,charge_first,3965.4548509262413,3456.6623286379213,2597.0437793821493,2039.360726732715,3.4400031312881385,4.2624952519274455,373.204772736908,214.7642999194486,88.26026784319356
2.0,3.0,charge_first,3866.000011401509,3346.1569513880304,2542.9512239232554,1986.034979272515,5.451204108028717,6.765865025476359,335.1562681776632,198.909679049465,106.65149492039973
2.5,3.0,charge_first,3773.612875846619,3243.5045785493,2482.5095103329754,1926.6113445850679,7.698471451517797,9.555499264021162,309.1859636776324,184.77427110977987,118.8472693748945
3.0,3.0,charge_first,3687.5089511280325,3147.833551084497,2419.2457359115056,1864.3772847726066,10.050665091277455,12.477068517898548,289.54531221963265,172.20784943717263,124.46811962492256
3.5,3.0,charge_first,3605.9230715813337,3057.1633716590377,2353.7658377149787,1799.8227053259782,12.485255842121257,15.50757424220115,274.0819754094846,163.17175909339767,129.1091588932568
4.0,3.0,charge_first,3528.8902154894076,2971.500244122006,2288.759242697642,1735.834272375068,14.902248832825848,18.51150229826124,261.21974406439153,154.06571218385216,127.97686590182047
4.5,3.0,charge_first,3457.3581605351783,2891.9491178491044,2226.8003918762906,1674.8348019254609,17.205924453851395,21.375113926771615,249.857563848385,143.0641099084587,121.99894089921418
5.0,3.0,charge_first,3391.143264752063,2818.3059462106976,2169.344587689979,1618.3761324039504,19.3421734906849,24.02555828932694,239.5862287486891,132.42979156623096,112.917339043021
5.5,3.0,charge_first,3331.115006580506,2751.5368163628923,2117.5246582736977,1567.4860690907067,21.268876560497386,26.41458521046758,229.93258334154743,120.0565163431138,101.78012662648734
6.0,3.0,charge_first,3276.9584604476618,2691.291811002642,2071.0388664380685,1521.877140582698,22.99725247380441,28.555689995095644,220.8005247543425,108.31309226568828,91.2178570160172
6.5,3.0,charge_first,3228.313671203257,2637.170979962809,2030.9363653549526,1482.6061024884498,24.488292944417665,30.39926339862652,212.13121759280136,97.28957848880964,78.5420761884966
7.0,3.0,charge_first,3185.7387834727497,2589.7944839383467,1996.3980541199544,1448.9122442327002,25.77245274610396,31.981016872867805,203.7369064521365,85.14977546101454,67.3877165114991
7.5,3.0,charge_first,3148.0195154540484,2547.8131209270746,1966.2701642493114,1419.6797760423954,26.892629839253424,33.3533310130204,195.74248572846724,75.43853603740263,58.46493638060974
8.0,3.0,charge_first,3113.8663094105877,2509.794048999486,1940.6686980150375,1394.9737314884524,27.844511174116416,34.51315282717228,188.25208120979696,68.30641208692123,49.412089107886004
8.5,3.0,charge_first,3083.8604397955096,2476.3831286588356,1920.1300009571978,1375.3380110490873,28.608155029232417,35.434948983268356,181.10076527132847,60.01173923015631,39.27144087873012
9.0,3.0,charge_first,3057.7340455572285,2447.282736514704,1903.1059170587257,1359.2733075223898,29.241122983403844,36.18910424869196,174.2650924153004,52.25278847656227,32.12940705339497
9.5,3.0,charge_first,3034.9791247621656,2421.9284259741394,1888.6340767333543,1345.8167299151758,29.779196645309845,36.820821406758185,167.75463969111166,45.50984159012569,26.913155214428116
10.0,3.0,charge_first,3014.9541422330503,2399.6073801735206,1876.2778725174005,1334.3623532945153,30.238609401411143,37.35854551889385,161.59190576534598,40.049965058230555,22.908753241320937
10.5,3.0,charge_first,2997.4243841958883,2380.0588060306277,1865.5870516603147,1324.5669541177476,30.63610197996511,37.818389166416424,155.75205396034625,35.059516074324165,19.59079835353532
11.0,3.0,charge_first,2982.0349568125416,2362.9158379217606,1856.3174379829206,1316.1735906328947,30.980753030813503,38.21241444401938,150.22690275844576,30.778854766693257,16.786726969705796
11.5,3.0,charge_first,2968.261256789438,2347.6117267849913,1848.2883950762023,1308.976010715041,31.279278748433846,38.55030382892682,145.02609056345082,27.547400046207258,14.395159835707545
12.0,3.0,charge_first,2955.7383357667095,2333.697370093051,1840.8520209471862,1302.31345242219,31.555768605213686,38.86307669830441,140.1428665143024,25.045842045456993,13.325116585701835
12.5,3.0,charge_first,2944.0013777218446,2320.6563055987654,1834.2448393164025,1296.4737750888198,31.80142847534929,39.13721953586234,135.58043701327378,23.473916089729755,11.679354666740437
13.0,3.0,charge_first,2933.24390673406,2308.703560056806,1828.386006383214,1291.3660271428957,32.01926419077861,39.37700205045863,131.2852467852219,21.514941975568945,10.21549589184815
13.5,3.0,charge_first,2923.543786284958,2297.9256484466755,1823.42655706956,1287.0761892067544,32.20366016207444,39.578387893775215,127.2211940605933,19.400240898204174,8.579675872282678
14.0,3.0,charge_first,2914.923741927401,2288.3478213827293,1818.649779025293,1282.9389980769993,32.38126428128829,39.77260775406604,123.36171049156869,17.240088715114325,8.274382259510276
14.5,3.0,charge_first,2906.8214788405844,2279.3453068418244,1814.3425297323297,1279.2086640156695,32.541410976366436,39.94772776605168,119.7287214774391,16.204526173632985,7.4606681226596265
15.0,3.0,charge_first,2899.2093356907994,2270.887370008736,1810.461723117091,1275.9478319359212,32.685702219198184,40.10080707302534,116.30162655039744,15.22428629956994,6.521664159496595
15.5,3.0,charge_first,2892.395160785992,2263.316064558937,1806.8433783316132,1272.9051153735015,32.82023493825722,40.243646977473446,113.0384324971455,13.62834980961452,6.0854331248392555
16.0,3.0,charge_first,2886.304519509084,2256.5486853623884,1803.2134697909507,1269.8508350558998,32.95519760623483,40.387029740794965,109.92894268139423,12.181282553816345,6.108560635203503
16.5,3.0,charge_first,2880.625381870697,2250.2385324308507,1799.5472853662764,1266.8219961830168,33.09150903824731,40.52921815904421,106.98019611114239,11.358275276774293,6.057677745765886
17.0,3.0,charge_first,2875.0736884928483,2244.0699842332324,1796.0454083619625,1263.9597060932122,33.22171139958432,40.66358796791175,104.19657553126281,11.103386755697102,5.724580179609347
17.5,3.0,charge_first,2869.7608211020556,2238.166798243465,1792.6852043326699,1261.239088978431,33.34664625556274,40.791306958735575,101.55685542978502,10.625734781585379,5.441234229562269
18.0,3.0,charge_first,2864.5698447114155,2232.3990466983087,1789.4314659019813,1258.598768728992,33.46762264231954,40.9152564244204,99.05626230924382,10.381952781280233,5.280640498878256
18.5,3.0,charge_first,2859.701304312124,2226.9895573657664,1786.2973771087188,1256.040308158791,33.58415036759943,41.035362998885915,96.6714708594019,9.73708079858261,5.1169211404017005
19.0,3.0,charge_first,2855.223479048556,2222.014195961806,1783.3782132464794,1253.638347931955,33.692687025947244,41.14812268656991,94.38934591067897,8.95565052713664,4.803920453672163
19.5,3.0,charge_first,2851.268579945777,2217.6198636253853,1780.8408031237843,1251.5486486494142,33.78702979962215,41.24622332779625,92.19445664817022,7.909798205557308,4.179398565081556
20.0,3.0,charge_first,2847.7724382515853,2213.735261742951,1778.5432314326945,1249.6392649546844,33.87245520409879,41.335859078913685,90.08382532608775,6.992283388383839,3.818767389459481
20.5,3.0,charge_first,2844.4211189921434,2210.011573676899,1776.5558246318874,1248.0747439530421,33.94634844994482,41.40930529902559,88.06830217501495,6.702638518883759,3.129042003284667
21.0,3.0,charge_first,2841.3724722851084,2206.624188446867,1774.7317353975366,1246.6983655588494,34.014169428611204,41.473919190683816,86.13274189608754,6.097293414070009,2.7527567883853408
21.5,3.0,charge_first,2838.448953256254,2203.375833970364,1773.021974115763,1245.4363151172338,34.07773960995547,41.53316597256143,84.28074112996946,5.847038057709142,2.5241008832313128
22.0,3.0,charge_first,2835.6268337140245,2200.2401455901036,1771.4934183136982,1244.3219213757236,34.13457243835553,41.58548103125631,82.50780103066371,5.644239084458604,2.228787483020369
22.5,3.0,charge_first,2832.898298637438,2197.2084399494547,1769.917923646106,1243.156846571746,34.1931504882818,41.640175305356784,80.80903681401132,5.4570701531729355,2.3301496079552635
23.0,3.0,charge_first,2830.3248818987836,2194.349088017615,1768.4032033311346,1242.0493616161325,34.2494689031009,41.692166032061785,79.1766382716127,5.146833477308974,2.2149699112269445
23.5,3.0,charge_first,2827.8323884005204,2191.579650797324,1766.9048098120213,1240.9364065637499,34.305180275647764,41.74441355169631,77.60987733903761,4.984986996526459,2.225910104765262
24.0,3.0,charge_first,2825.4019581253783,2188.8791727138355,1765.3876818071126,1239.8030307075478,34.36158821014869,41.79761972311668,76.10552481461974,4.860860550284087,2.2667517124041296
24.5,3.0,charge_first,2823.0227558480065,2186.2356146278653,1764.0342933931302,1238.8333944422711,34.41190818628994,41.84313916228896,74.66025116885068,4.75840455474372,1.9392725305533531
25.0,3.0,charge_first,2820.8079989763614,2183.774773659373,1762.9506850409896,1238.0746034569215,34.4521975414099,41.87876049921599,73.26547978421351,4.429513743290045,1.5175819706992115
25.5,3.0,charge_first,2818.7748090359282,2181.5156737255525,1761.774965956864,1237.2186778300502,34.49591164125793,41.918941808335276,71.91749390349625,4.066379880866407,1.7118512537426795
26.0,3.0,charge_first,2816.8124932755263,2179.3353228806664,1760.6411023316223,1236.4046076620643,34.53806952437569,41.957158218777614,70.61832482246321,3.924631520803814,1.6281403359716933
26.5,3.0,charge_first,2814.8937325319926,2177.2033664989654,1759.4044631309523,1235.4877619186504,34.584048678940746,42.000199414267335,69.36635478361306,3.8375214870675336,1.8336914868277745
27.0,3.0,charge_first,2812.9758713208457,2175.072409597687,1758.1706704841224,1234.5737627290746,34.629921996541455,42.04310697868431,68.1607169876675,3.8357224222936566,1.8279983791517225
27.5,3.0,charge_first,2811.158647263238,2173.0532717559013,1756.8706844858082,1233.6044937075421,34.67825643161072,42.08860917765025,66.99485441850219,3.6344481152154913,1.9385380430649093
28.0,3.0,charge_first,2809.43176259406,2171.13451101237,1755.5452034623,1232.6446638799073,34.72753879045872,42.13366825497581,65.86704490186926,3.4537693383563237,1.9196596552696974
28.5,3.0,charge_first,2807.7048779248803,2169.215750268839,1754.27977198544,1231.6990258603034,34.77458846301844,42.178061099853636,64.77880764897796,3.453769338359052,1.8912760392076962
29.0,3.0,charge_first,2806.0732632533113,2167.4028450782084,1753.0705495927923,1230.8714171944785,34.81954824050645,42.21691307318789,63.72444562712083,3.2632293431379367,1.6552173316499648
29.5,3.0,charge_first,2804.538254658487,2165.697279972847,1751.8480744789522,1230.0326942293436,34.86500076391079,42.256286805752396,62.702186043792,3.070017189648752,1.6774459302696414
30.0,3.0,charge_first,2803.0032460636608,2163.991714867485,1750.7167439097007,1229.285115808799,34.907064466144725,42.291381770389236,61.71400177990758,3.07001718965239,1.4951568410892833
0.0,3.7,charge_first,4469.281294121165,4016.469487743705,2689.5648960233802,2130.1586375153283,0.0,0.0,,,
0.5,3.7,charge_first,4193.127923960677,3709.632409786914,2675.2054393181393,2116.056430598516,0.5338951562935623,0.6620261359154722,613.6741559124126,552.3067403209752,28.20441383362504
1.0,3.7,charge_first,4072.818029363241,3575.9547491234302,2641.853216013962,2083.4944285800625,1.773955336789279,2.190644777033879,440.51473861980156,240.6197891948732,65.12400403690663
1.5,3.7,charge_first,3965.328145952925,3456.5215453342357,2597.0781960836525,2039.3921470617565,3.438723493025686,4.261020228964929,373.2986282726977,214.979766820632,88.20456303661194
2.0,3.7,charge_first,3865.794121679594,3345.9281850303464,2543.2159204130394,1986.283550793413,5.441362497953595,6.754195870112978,335.2706513565051,199.06804854666188,106.21719253668698
2.5,3.7,charge_first,3773.350612740624,3243.2131750981944,2483.229802607536,1927.2612221067832,7.671690455244962,9.52499085444688,309.3025250580746,184.8870178779398,118.04465737325972
3.0,3.7,charge_first,3687.1318659080525,3147.414567506741,2420.403751324899,1865.415378632526,10.007609226921643,12.428335346498208,289.68497341221763,172.43749366514294,123.69168694851442
3.5,3.7,charge_first,3605.4706414545494,3056.660671518166,2355.52497232193,1801.4425086134715,12.419849924251325,15.431532802893944,274.22560402116204,163.32244890700622,127.94574003810885
4.0,3.7,charge_first,3528.2837467448935,2970.826389961435,2291.0374354471633,1737.882454604359,14.817543951642664,18.415350669306505,261.38820760453456,154.37378941931183,127.12010801822498
4.5,3.7,charge_first,3456.6079437801377,2891.115543676837,2229.506665957712,1677.2684061128882,17.105303194054965,21.260868717773185,250.0428025533334,143.3516059295116,121.22809698294168
5.0,3.7,charge_first,3390.365769795013,2817.4420629250867,2172.222198833791,1620.9795754675376,19.23518179295466,23.903340017986174,239.75900540581125,132.48434797024947,112.57766129070114
5.5,3.7,charge_first,3330.1795470420097,2750.497416875675,2120.6647631680657,1570.35200590485,21.15212515215581,26.280044206634813,230.1215650664961,120.37244550600644,101.25513912537508
6.0,3.7,charge_first,3275.840188861508,2690.0492870180265,2074.5777079914415,1525.1418140558462,22.865675743359816,28.402430354444817,221.0076120851116,108.67871636100335,90.42038369800775
6.5,3.7,charge_first,3226.7250431189996,2635.4058376469675,2034.4803390546795,1485.875908107952,24.35652539699886,30.245762830081247,212.40277794908457,98.230291485017,78.53181189578845
7.0,3.7,charge_first,3183.668106024779,2587.4937312183774,2000.0783350454756,1452.3053670875859,25.635617195827308,31.821727193914906,204.06558541213198,86.11387418844151,67.14108204073227
7.5,3.7,charge_first,3145.5367701376094,2545.05451501992,1970.034847881386,1423.093342912383,26.7526561343006,33.193081592631266,196.1102998494211,76.26267177433874,58.42404835040588
8.0,3.7,charge_first,3110.8328992077722,2506.4235932185807,1944.1503842394497,1398.0403422593267,27.715059520818887,34.36919121244243,188.67338818240995,69.40774185967439,50.106001306112375
8.5,3.7,charge_first,3080.4286209127818,2472.569996566915,1923.3465318852748,1378.0892911454982,28.488562044774866,35.305790523050575,181.5493690468484,60.80855658998098,39.902102227657
9.0,3.7,charge_first,3053.819058346454,2442.9327507249545,1906.2413961117204,1361.879577052267,29.12454356724511,36.066753289285614,174.748424169717,53.21912513265579,32.41942818646248
9.5,3.7,charge_first,3030.7103134621225,2417.1853023074223,1891.8814269989525,1348.4121467801403,29.6584577752272,36.69897992419181,168.2539158665554,46.217489768662745,26.934860544253297
10.0,3.7,charge_first,3010.239807254449,2394.369230197297,1879.5590726065534,1336.926798665665,30.116611970004882,37.2381579887829,162.11572076296832,40.94101241534736,22.9706962289506
10.5,3.7,charge_first,2992.4372539572387,2374.5175502099037,1869.022559635249,1327.277339957007,30.50836726792995,37.69115048139432,156.27979260993888,35.60510659442025,19.29891741731626
11.0,3.7,charge_first,2976.6068563304866,2356.875626046538,1859.9192169082646,1319.0502474225625,30.84683624261221,38.07737019243146,150.77519573643104,31.660795253504148,16.45418506888882
11.5,3.7,charge_first,2962.410560794782,2341.1019643402115,1852.0012751025224,1311.9637686056853,31.14123113962508,38.41004395165641,145.59137520061557,28.392591071408788,14.172957633754322
12.0,3.7,charge_first,2949.527736815941,2326.78771547481,1844.6581211742443,1305.4520776662691,31.414255000813007,38.71573437417872,140.71792197270693,25.76564795768263,13.023381878832424
12.5,3.7,charge_first,2937.547481891822,2313.4763211146874,1837.8481550514682,1299.473574532358,31.667454547432794,38.99639436957158,136.15411664260915,23.96050984823796,11.95700626782218
13.0,3.7,charge_first,2926.3872084340164,2301.076017272706,1831.884439276225,1294.3413217459797,31.889189884031687,39.23732726048363,131.87128937496917,22.320546915610976,10.264505572756661
13.5,3.7,charge_first,2916.2768318005265,2289.8422654576984,1826.6661591346267,1289.9545045932434,32.08320937578345,39.44326577959099,127.81929731034073,20.220753266979955,8.77363430547257
14.0,3.7,charge_first,2907.128065378569,2279.676969433307,1821.8235367364828,1285.8920458558418,32.263261636478255,39.63397733815077,123.98041497957121,18.297532843915178,8.12491747480317
14.5,3.7,charge_first,2898.5212969534914,2270.1138934054457,1817.3105462989415,1282.1465597157114,32.43105793855722,39.80980866236141,120.36475074081785,17.213536850154924,7.4909722802608485
15.0,3.7,charge_first,2890.376434755556,2261.0640465188576,1813.217685593665,1278.8212033078485,32.5832335083428,39.96591705491481,116.95591550856359,16.289724395870508,6.65071281572591
15.5,3.7,charge_first,2882.9228261889184,2252.782259222576,1809.3492955536267,1275.7146244575447,32.72706309378087,40.11175496555642,113.71745289836947,14.90721713327548,6.213157700607553
16.0,3.7,charge_first,2876.0260728809244,2245.1191999914913,1805.4635089483284,1272.5572335724116,32.87153949630396,40.25997824008286,110.64272369723862,13.793506615988008,6.314781770266109
16.5,3.7,charge_first,2869.6341757912555,2238.0170921140852,1801.895601485692,1269.688984375513,33.00419691862202,40.394627798401395,107.72034466868045,12.783794179337747,5.736498393797319
17.0,3.7,charge_first,2863.607600821998,2231.320897703789,1798.5863635094481,1267.0457013914395,33.12723681928167,40.518716349250205,104.94599302608968,12.053149938515162,5.286565968146988
17.5,3.7,charge_first,2857.8236013600686,2224.8942316349803,1795.4066275345785,1264.5055523310816,33.245461740330086,40.63796329244129,102.31477414356198,11.567998923858795,5.0802981207157245
18.0,3.7,charge_first,2852.3789269084814,2218.844593355438,1792.4089370746976,1262.1474487857092,33.35691807530507,40.74866413433366,99.80878809954841,10.889348903174323,4.716207090744774
18.5,3.7,charge_first,2847.1456739449295,2213.029867840384,1789.3085067045622,1259.6866053300855,33.472194355669934,40.86418808697664,97.42556277334754,10.466505927103753,4.921686911247434
19.0,3.7,charge_first,2842.0306992053374,2207.346562574176,1786.1622365111061,1257.1799220511425,33.58917499436388,40.981863983728964,95.1608535038496,10.229949479184143,5.013366557886002
19.5,3.7,charge_first,2837.264869278067,2202.0511959883206,1783.113407899234,1254.7706803537774,33.702532683422795,41.09496549903091,92.99238887994852,9.531659854540521,4.818483394730265
20.0,3.7,charge_first,2832.85576326406,2197.1521893060935,1780.325954239003,1252.6228136080588,33.80617225963649,41.19579680369954,90.91252949206138,8.818212028014386,4.295733491437204
20.5,3.7,charge_first,2828.7763119462024,2192.6194656195753,1777.7742763025826,1250.647243409438,33.901045521114334,41.28853967100662,88.9162591964752,8.158902635715094,3.9511403972414882
21.0,3.7,charge_first,2825.022070291554,2188.4480860033113,1775.3772074613141,1248.8442476111043,33.99017030277744,41.37318105717289,86.99784253066711,7.508483309296935,3.605991596667536
21.5,3.7,charge_first,2821.4615112647807,2184.4919093068984,1773.0085326626527,1247.1151597269547,34.078239373063255,41.45435284662076,85.15864510885693,7.121118053546525,3.458175768299043
22.0,3.7,charge_first,2818.0359005042365,2180.6856751285077,1771.0226662505243,1245.720199768803,34.15207534612584,41.51983904720623,83.39623200085504,6.851221521088519,2.789919916303461
22.5,3.7,charge_first,2814.8430784457078,2177.1380950634807,1769.2618418914915,1244.5100083753462,34.21754409022032,41.57665131330431,81.7006526259486,6.385644117057382,2.420382786913706
23.0,3.7,charge_first,2811.8376051959804,2173.798680341558,1767.7625771818443,1243.482449938115,34.27328785427167,41.62488990075664,80.0697434263375,6.010946499454803,2.0551168744623283
23.5,3.7,charge_first,2809.0618967200317,2170.7145598127304,1766.2741483181933,1242.5166117879285,34.32862873360318,41.670231037945996,78.4973710355146,5.551416951897409,1.9316763003730557
24.0,3.7,charge_first,2806.3756316790855,2167.7298208783477,1764.640959164896,1241.4590508576912,34.38935190692064,41.71987808824601,76.98637326120735,5.372530081892364,2.1151218604745736
24.5,3.7,charge_first,2803.738567098837,2164.799749122514,1763.014737653438,1240.4084575692914,34.449816018192394,41.769198043572196,75.53481755203299,5.274129160497068,2.1011865767995914
25.0,3.7,charge_first,2801.3068583797367,2162.0978505457388,1761.4835305872355,1239.4138698211025,34.506747422542084,41.81588882662811,74.13219714406351,4.863417438200486,1.9891754963778112
25.5,3.7,charge_first,2798.8995423750007,2159.423054984916,1759.9890994830814,1238.4311082485553,34.562311469587904,41.862024431518705,72.78351859460422,4.814632009472007,1.9655231450942665
26.0,3.7,charge_first,2796.5404402456847,2156.8018303967906,1758.4580384911271,1237.3758534536048,34.619237442789675,41.911563220619485,71.48465187502053,4.718204258631886,2.110509589901085
26.5,3.7,charge_first,2794.32020674,2154.334904279366,1757.1120738980599,1236.3725762252786,34.66928139581186,41.95866193010792,70.2289764101117,4.440467011369947,2.0065544566523386
27.0,3.7,charge_first,2792.204940026048,2151.984607930527,1755.8617413952672,1235.44203717974,34.71576967741612,42.00234595575514,69.01548782284435,4.230533427903538,1.861078091077161
27.5,3.7,charge_first,2790.1396850109945,2149.689880136024,1754.6278115491273,1234.5279007908562,34.76164809618803,42.04525996097449,67.84410541859283,4.1305100301069615,1.8282727777677792
28.0,3.7,charge_first,2788.0930068845614,2147.415793328875,1753.4273132054125,1233.6471959043956,34.806283507123446,42.086604528977546,66.71382092208748,4.093356252866215,1.7614097729210698
28.5,3.7,charge_first,2786.0463287581265,2145.141706521726,1752.2648613237238,1232.8045374799628,34.84950432263183,42.126163011129634,65.62319553072277,4.093356252869853,1.6853168488655683
29.0,3.7,charge_first,2784.0946758138184,2142.9732032502748,1751.0593843966535,1231.9329369607171,34.894324840956294,42.167080175884195,64.56653709989835,3.90330588861616,1.7432010384914065
29.5,3.7,charge_first,2782.234656424427,2140.906515039839,1749.8551871548282,1231.048533176146,34.93909777964262,42.20859838814294,63.5422462409317,3.7200387787825093,1.7688075691421545
30.0,3.7,charge_first,2780.4792375345,2138.956049606588,1748.729025328072,1230.2647797850768,34.98096930423089,42.245391581723254,62.54822431802464,3.510837779854228,1.56750678213848
0.0,2.5,discharge_first,4469.281294121165,4016.469487743705,2689.5648960233802,2130.1586375153283,0.0,0.0,,,
0.5,2.5,discharge_first,4190.39059911111,3706.590937731824,2674.3486569819765,2115.216577766759,0.5657509533940508,0.7014529099108713,619.7571000225614,557.7813900201108,29.884119497138272
1.0,2.5,discharge_first,4070.3496761302017,3573.212134420009,2640.0243517402596,2081.7036182366205,1.8419538549290237,2.274714118720611,443.2573533231806,240.08184596181582,67.02591906027737
1.5,2.5,discharge_first,3962.988611662516,3453.922062789313,2593.839116832159,2036.2235907999266,3.5591548407236884,4.409767660542396,375.03161663596353,214.72212893537107,90.96005487338789
2.0,2.5,discharge_first,3863.6561544859283,3343.552665926259,2537.9916989347425,1981.2005363256756,5.635602892971415,6.992817275027042,336.4584109085412,198.66491435317585,110.04610894850202
2.5,2.5,discharge_first,3771.44682061944,3241.0978505190938,2475.9746319308774,1920.2777531093734,7.941443034458995,9.852828832070715,310.14865488971145,184.41866773297625,121.8455664326043
3.0,2.5,discharge_first,3685.4787259495774,3145.57774533064,2411.1249241330165,1856.487326983681,10.352602843011793,12.847461485350431,290.2972474709125,171.9361893397254,127.58085225138484
3.5,2.5,discharge_first,3604.119286039044,3055.148678197302,2344.287092362171,1790.7140205367798,12.837682562399412,15.935180178622076,274.6546057403701,162.71887982106728,131.54661289380238
4.0,2.5,discharge_first,3527.321770241077,2969.7470398757855,2278.519763227305,1725.9738340211068,15.282960206828268,18.97439920088172,261.655423300039,153.5950315959335,129.48037303134606
4.5,2.5,discharge_first,3456.046523873703,2890.4812564771705,2216.2187272914966,1664.6321784570423,17.599358521958074,21.85407466184246,250.18142475245327,142.55049273474833,122.68331112812893
5.0,2.5,discharge_first,3390.32012354437,2817.380857565193,2158.3649240163636,1607.798742945897,19.75040545749296,24.522112361487093,239.76914901706527,131.4528006586661,113.6668710222907
5.5,2.5,discharge_first,3330.761565912734,2751.133617206182,2106.3457196331224,1556.7405557266832,21.684517717068974,26.919031835933804,230.00398549665297,119.11711526327144,102.11637443842756
6.0,2.5,discharge_first,3277.3387686299675,2691.7038883460223,2060.0398420485053,1511.3581185528692,23.406204286263943,29.049504016482263,220.73009731317512,106.84559456553325,90.76487434762794
6.5,2.5,discharge_first,3229.468948920273,2638.444134566982,2020.3040028887776,1472.5177010734603,24.88361199702336,30.872861995337463,211.93373422237107,95.73963941938928,77.68083495881774
7.0,2.5,discharge_first,3187.4990267623875,2591.739822512102,1986.3689301126371,1439.478049977608,26.14534294935378,32.423903805744146,203.45750275536852,83.93984431577064,66.07930219170476
7.5,2.5,discharge_first,3150.3468499532228,2550.38856084476,1956.9751784301939,1410.9889506397367,27.238224244982778,33.76132059884749,195.39769543229323,74.30435361832951,56.97819867574253
8.0,2.5,discharge_first,3117.0794359267184,2513.353702269343,1932.3884918203948,1387.3616444017186,28.152375327418135,34.870501193283296,187.80581363811226,66.53482805300882,47.25461247603607
8.5,2.5,discharge_first,3087.852653831137,2480.808434728134,1912.485836652275,1368.4551391750244,28.892370677504186,35.75806444297381,180.5789072274555,58.45356419116251,37.813010453388415
9.0,2.5,discharge_first,3062.5658979783234,2452.6409741234097,1895.9251358383435,1352.9177774243185,29.508109707948005,36.48746372230772,173.66856742504183,50.573511705627425,31.07472350141188
9.5,2.5,discharge_first,3040.457308273479,2428.004809238642,1881.8054363874317,1339.7838148998885,30.033090513274107,37.10403576032972,167.1139164734141,44.21717940968847,26.26792504885998
10.0,2.5,discharge_first,3021.1801466427214,2406.514675547313,1869.8940561377985,1328.7678563305763,30.475964387306465,37.621178398220835,160.9001274976047,38.55432326151549,22.03191713862452
10.5,2.5,discharge_first,3004.531124792179,2387.9804966879697,1859.583588313456,1319.2982676431343,30.859315160496102,38.06572691778497,155.00001791841078,33.29804370108468,18.93917737488391
11.0,2.5,discharge_first,2989.7338793484555,2371.5391128616066,1850.7593494269593,1311.2795784196899,31.187406849212884,38.4421631644674,149.44923381542418,29.594490887447137,16.03737844688885
11.5,2.5,discharge_first,2976.689261683216,2357.0450932335734,1843.222745232397,1304.4756090965352,31.46762333351134,38.76157455493038,144.21179057371387,26.089235330478914,13.607938646309321
12.0,2.5,discharge_first,2964.706897465145,2343.731355213476,1836.324537657661,1298.2169884363082,31.724103762183464,39.055384628509096,139.31244413481764,23.96472843614174,12.517241320454104
12.5,2.5,discharge_first,2953.794542673283,2331.606516555861,1830.1636766073018,1292.6574076107408,31.95316910503756,39.31637837459233,134.70993346203468,21.824709583724143,11.119161651134618
13.0,2.5,discharge_first,2943.9403449829256,2320.6574080110404,1824.8512809321778,1287.9206401586782,32.150687881512475,39.53874526167019,130.3710212938659,19.708395380715046,9.473534904125245
13.5,2.5,discharge_first,2935.006486838518,2310.730898961683,1820.1650817958462,1283.793513977233,32.32492421034247,39.73249262436704,126.27776191626737,17.867716288815245,8.254252362890384
14.0,2.5,discharge_first,2926.854766311428,2301.6734317093665,1815.7788597179979,1279.9212700693722,32.48800717161748,39.91427457429625,122.41480379442362,16.30344105417953,7.744487815721641
14.5,2.5,discharge_first,2919.5404166374924,2293.546376516107,1811.754263200111,1276.4723017745425,32.63764462873322,40.07618590963475,118.75409022863396,14.628699347871589,6.897936589659366
15.0,2.5,discharge_first,2912.930712853006,2286.2022612000173,1807.9539168191166,1273.1916676323738,32.77894430090746,40.23019482166562,115.28522824208586,13.21940756897311,6.56126828433753
15.5,2.5,discharge_first,2906.9006082711685,2279.5021449979645,1804.1285306405266,1269.9024661074902,32.92117497116368,40.38460592828255,111.99861547311849,12.060209163674699,6.578403049767076
16.0,2.5,discharge_first,2901.256084961649,2273.230452431847,1800.3194983583508,1266.6690620483755,33.06279759152907,40.53639763065483,108.89063952496613,11.289046619039254,6.466808118229437
16.5,2.5,discharge_first,2895.9593372437594,2267.3451771897503,1796.9358911582785,1263.8038682453002,33.18860259460131,40.67090375393667,105.94760652373083,10.593495435779005,5.730387606150543
17.0,2.5,discharge_first,2891.042069506157,2261.881546370186,1793.9406037129904,1261.256291640167,33.299969583727204,40.7904993821808,103.15289049771314,9.834535475204575,5.0951532102662895
17.5,2.5,discharge_first,2886.3346739929675,2256.651106911089,1790.9820769624378,1258.7454757297733,33.40996978319913,40.90836928473992,100.50454730972707,9.414791026379135,5.021631820787661
18.0,2.5,discharge_first,2881.9214439121297,2251.747517932381,1788.1815328535351,1256.3926424610258,33.51409607191756,41.01882271423154,97.98517593882941,8.82646016167564,4.705666537494835
18.5,2.5,discharge_first,2877.884179776616,2247.261668892923,1785.66092453152,1254.31928400037,33.60781414229176,41.11615623785465,95.57940626693994,8.074528271027702,4.1467169213115085
19.0,2.5,discharge_first,2874.0901804341324,2243.0461140679436,1783.3830613126966,1252.3864471538595,33.69250677128135,41.20689299390982,93.28603004017732,7.587998684966806,3.865673693021108
19.5,2.5,discharge_first,2870.848063993918,2239.4437624677057,1781.3005903959495,1250.623769694366,33.76993457084202,41.28964164128518,91.07881653146711,6.484232880428863,3.5253549189869773
20.0,2.5,discharge_first,2867.8420054957173,2236.103697469707,1779.2546599559244,1248.946967889027,33.84600376861635,41.36835886805918,88.96884936808044,6.012116996401346,3.3536036106779648
20.5,2.5,discharge_first,2864.916161940542,2232.852760186174,1777.3758129458063,1247.4518730276138,33.91586068163958,41.43854588770564,86.95745973878732,5.851687110350213,2.9901897228264716
21.0,2.5,discharge_first,2862.1490878126438,2229.778233377405,1775.7915802032621,1246.1954758288991,33.974763619616134,41.49752727888409,85.03345006923384,5.534148255796936,2.5127943974293885
21.5,2.5,discharge_first,2859.4879206596975,2226.8213809852436,1774.4161927593545,1245.075923150796,34.02590153586203,41.550084523137464,83.1934559928406,5.322334305892582,2.239105356206437
22.0,2.5,discharge_first,2856.978256730827,2224.032865508716,1772.9846705199043,1243.9304884470432,34.079126585072295,41.60385679547344,81.42944633284543,5.019327857740791,2.2908694075053972
22.5,2.5,discharge_first,2854.4906600590157,2221.268869206706,1771.6616381474907,1242.967900835482,34.128317901272545,41.649045336580585,79.7427473610939,4.975193343622777,1.925175223122551
23.0,2.5,discharge_first,2852.1456995913118,2218.6633575759233,1770.261100641814,1241.951115478511,34.18039091530345,41.69677818328337,78.12249248936492,4.689920935407827,2.0335707139420265
23.5,2.5,discharge_first,2849.969626914258,2216.245499045863,1768.977094303685,1241.0072413342334,34.22813121485999,41.74108822328011,76.56319939512566,4.352145354107961,1.8877482885550307
24.0,2.5,discharge_first,2847.8589900963716,2213.9003470259913,1767.6830884309793,1240.0330289187834,34.276243304462994,41.78682248918373,75.06584740855526,4.221273635772377,1.9484248308999668
24.5,2.5,discharge_first,2845.8093145010926,2211.622929697903,1766.5949183893918,1239.2646523344504,34.31670226655,41.822893820717475,73.62684714830257,4.099351190558082,1.5367531686661096
25.0,2.5,discharge_first,2843.8905537575592,2209.490973316202,1765.4255577218046,1238.4150851241195,34.36017995579691,41.862776634859536,72.23958846060471,3.837521487066624,1.6991344206617214
25.5,2.5,discharge_first,2842.089602149796,2207.489915974238,1764.228437930763,1237.537758790332,34.40468974966029,41.903962597178776,70.90159877870899,3.601903215526363,1.754652667575101
26.0,2.5,discharge_first,2840.383420792445,2205.5941589105187,1763.06092616404,1236.690040480865,34.4480986954139,41.94375861492776,69.6110202277231,3.412362714701885,1.6954366189338543
26.5,2.5,discharge_first,2838.7204948147155,2203.7464633797103,1761.8924865230904,1235.823191334468,34.49154214021336,41.98445272714692,68.3673291113815,3.3258519554592567,1.733698292794088
27.0,2.5,discharge_first,2837.07345023168,2201.9164138430006,1760.6437264951976,1234.8942247638292,34.53797195604488,42.02806293317941,67.16904707364141,3.2940891660709894,1.857933141277499
27.5,2.5,discharge_first,2835.4807620876127,2200.1467603495944,1759.4416072471856,1234.0118989730738,34.582667633393626,42.06948359430841,66.01214270842644,3.1853762881346483,1.7646515815108614
28.0,2.5,discharge_first,2833.9457534927883,2198.4411952442333,1758.2995646463874,1233.1966642042537,34.625129616835146,42.1077546767744,64.8942674852531,3.070017189648752,1.6304695376402378
28.5,2.5,discharge_first,2832.587932354885,2196.9325050910097,1757.3323463526915,1232.5539857550007,34.661091504020916,42.137925126896505,63.80870806106355,2.7156422758062035,1.285356898506052
29.0,2.5,discharge_first,2831.2514868506887,2195.447565641902,1756.4296383816084,1231.9155433537758,34.694654849988794,42.167896716334994,62.759762730669614,2.6728910083929804,1.2768848024497856
29.5,2.5,discharge_first,2830.0261103612456,2194.0860362091885,1755.4940104885482,1231.1970907948185,34.72944218285603,42.201624371463794,61.74219147871633,2.4507529788861575,1.4369051179146481
30.0,2.5,discharge_first,2828.8748539151266,2192.8068623801673,1754.5998546328744,1230.4948110134987,34.76268755488614,42.234592797803096,60.75579408170513,2.3025128922381555,1.404559562639406
0.0,3.0,discharge_first,4469.281294121165,4016.469487743705,2689.5648960233802,2130.1586375153283,0.0,0.0,,,
0.5,3.0,discharge_first,4190.39059911111,3706.590937731824,2674.3486569819765,2115.216577766759,0.5657509533940508,0.7014529099108713,619.7571000225614,557.7813900201108,29.884119497138272
1.0,3.0,discharge_first,4070.287426492314,3573.1429681556906,2640.0632491398524,2081.742515636214,1.8405076210177174,2.272888085724356,443.3265195874996,240.20634523759145,66.94812426109002
1.5,3.0,discharge_first,3962.856929347131,3453.775749105551,2594.0751478185143,2036.4408944583986,3.550379035138762,4.399566370617569,375.12915909180435,214.86099429036585,90.60324235563121
2.0,3.0,discharge_first,3863.432924737549,3343.304632872502,2538.8871377442924,1982.031214556246,5.6023098197730885,6.953821201404143,336.58242743541877,198.84800921916394,108.81935980430535
2.5,3.0,discharge_first,3771.0632625191524,3240.671674852107,2477.614580216869,1921.7928219667285,7.880468551619169,9.781704135971903,310.3191251565059,184.73932443679314,120.47678517903478
3.0,3.0,discharge_first,3684.9640488328973,3145.00588186766,2413.700915033726,1858.9063244760014,10.256825607648635,12.733901985615613,290.4878686252383,172.1984273725102,125.7729949814543
3.5,3.0,discharge_first,3603.4471162220066,3054.4018228450377,2347.848134792961,1793.9973434701876,12.70528038701203,15.781045041661667,274.867992983874,163.03386522178153,129.81796201162751
4.0,3.0,discharge_first,3526.4877299664267,2968.8203284595074,2282.6540948735833,1729.8280048422375,15.129242716969927,18.793465689487178,261.88710115410856,153.91877251115966,128.33867725590017
4.5,3.0,discharge_first,3455.049031170958,2889.3729312518967,2220.8146389028543,1668.9479292432525,17.42847914967921,21.651472343395206,250.42771924695822,142.8773975909371,121.76015119797012
5.0,3.0,discharge_first,3389.0887194308903,2816.0126307724345,2163.5664166731076,1612.7013474496093,19.55701013676897,24.29196027716012,240.04279437561635,131.92062348013587,112.49316358728629
5.5,3.0,discharge_first,3329.235382135426,2749.437857453617,2111.8766380584725,1561.9576041366947,21.478874104099166,26.674118226302525,230.3123054516647,119.70667459092874,101.4874866258292
6.0,3.0,discharge_first,3275.184408606069,2689.3101549861367,2065.6086091430875,1516.582469141599,23.199153431948595,28.804247607089984,221.12905287315598,108.10194705871345,90.75026999019155
6.5,3.0,discharge_first,3226.7708390228445,2635.4462346809482,2025.9382622158987,1477.7435852032777,24.67412609335724,30.627533594072798,212.39494958945272,96.82713916644934,77.67776787664252
7.0,3.0,discharge_first,3184.3185814142803,2588.205994347533,1991.7288854015121,1444.3907966766083,25.94605587147736,32.193275597474624,203.96233535030632,84.90451521712839,66.70557705333886
7.5,3.0,discharge_first,3146.7106174199125,2546.3483024744146,1961.9193488922904,1415.476681847725,27.054396352619715,33.55064468349768,195.93639654833922,75.21592798873553,57.828229657766315
8.0,3.0,discharge_first,3112.8295044211727,2508.63155615207,1936.8729949149763,1391.3257495507412,27.985638205692165,34.68440683020588,188.39608190277124,67.76222599747962,48.30186459396782
8.5,3.0,discharge_first,3082.976915766092,2475.390947989193,1916.6909784715679,1372.045211539577,28.736020413358855,35.58952899677155,181.21625860850722,59.70517731016116,38.56107602232851
9.0,3.0,discharge_first,3057.0324950917975,2446.4927486939355,1899.9084886257328,1356.2221020655168,29.36000572305145,36.332342663105656,174.3517035838722,51.88884134858927,31.64621894812035
9.5,3.0,discharge_first,3034.406404451976,2421.2815827703025,1885.6780324166293,1343.0094554911634,29.88910454606717,36.952608512871876,167.82162452271274,45.25218127964308,26.425293148706714
10.0,3.0,discharge_first,3014.5171661599834,2399.1113638998227,1873.5999920233648,1331.844029634053,30.338174966755737,37.47676787173231,161.6404586623534,39.77847658398514,22.3308517142209
10.5,3.0,discharge_first,2997.1219089605206,2379.712235132151,1862.986208928376,1322.125668219382,30.73280322468258,37.93299499226295,155.7840619217608,34.79051439892555,19.43672282934176
11.0,3.0,discharge_first,2981.7503067246857,2362.5935673014333,1853.762565115697,1313.7782745992442,31.075745082167273,38.32486222098138,150.25565529257264,30.743204471669742,16.694787240275673
11.5,3.0,discharge_first,2968.0248238456434,2347.343030769177,1845.9050421071786,1306.7522145795906,31.36789356388401,38.654699628201406,145.0489343261363,27.45096575808475,14.052120039307283
12.0,3.0,discharge_first,2955.540458382816,2333.4715135882375,1838.6569622661636,1300.2764523885096,31.637382500616173,38.95870338064654,140.16118849429262,24.96873092565511,12.951524382162006
12.5,3.0,discharge_first,2943.8365303586766,2320.4671491169815,1832.1211603343352,1294.5081547540951,31.880388421071636,39.2294953081972,135.59509011222207,23.407856048278518,11.536595268828933
13.0,3.0,discharge_first,2933.074012415495,2308.5087958468034,1826.3462541719134,1289.4828353927066,32.09510367746719,39.46540822439438,131.29976766715055,21.525035886363185,10.050638722776966
13.5,3.0,discharge_first,2923.437565501841,2297.8016326093943,1821.4557683026605,1285.2619609009666,32.27693553720346,39.66355658843656,127.22993651187858,19.2728938273076,8.44174898348001
14.0,3.0,discharge_first,2914.8190187098726,2288.225469507211,1816.7310248190304,1281.1713495023864,32.45260497320093,39.855589769747034,123.3700218580392,17.237093583937167,8.181222797160444
14.5,3.0,discharge_first,2906.7149103011484,2279.2209046086314,1812.5236841497867,1277.5581122452684,32.60903699220387,40.02521268859841,119.73688764904335,16.208216817448374,7.226474514236088
15.0,3.0,discharge_first,2899.1125528602943,2270.7738407854677,1808.6502325076797,1274.2955985228375,32.753054771727754,40.178370940053156,116.30879564895339,15.204714881708242,6.525027444861735
15.5,3.0,discharge_first,2892.2716904633526,2263.172882566629,1804.971974133574,1271.1929683717897,32.88981512205596,40.324023479559166,113.04728341633117,13.681724793883404,6.205260302095667
16.0,3.0,discharge_first,2886.218373800817,2256.446975163828,1801.3446322867314,1268.1412547480074,33.0246823584705,40.46728574979749,109.93492502224612,12.106633325071016,6.103427247564468
16.5,3.0,discharge_first,2880.4755632476235,2250.0660745491714,1797.7361200879652,1265.1715862872638,33.15884949472743,40.60669642130539,106.99028490730895,11.485621106387043,5.939336921487211
17.0,3.0,discharge_first,2874.9253680560055,2243.8991910029217,1794.322793833863,1262.3978469476704,33.28575947407572,40.736909227560446,104.20626967746169,11.100390383236117,5.547478679186952
17.5,3.0,discharge_first,2869.6123508465894,2237.995838548018,1790.960378190402,1259.6750182187213,33.41077655949473,40.8647320423028,101.56628211267174,10.626034418832205,5.445657457898051
18.0,3.0,discharge_first,2864.436456611101,2232.244844953031,1787.7259306969122,1257.0524907202496,33.53103569502524,40.9878462297762,99.06449614259657,10.351788470976317,5.245054996943509
18.5,3.0,discharge_first,2859.5871425213422,2226.8567181866356,1784.6326790013682,1254.528488433356,33.64604506699159,41.10633516494011,96.67832742341284,9.698628179517982,5.048004573787239
19.0,3.0,discharge_first,2855.1195774957846,2221.8927570471287,1781.739796784547,1252.1455551716501,33.753604554442454,41.21820163440104,94.39542202487617,8.935130051115266,4.76586652341166
19.5,3.0,discharge_first,2851.1772816932853,2217.5124283776886,1779.2077801322826,1250.0612493595404,33.847746794921875,41.3160490799106,92.19965882779938,7.8845916049986045,4.168611624219466
20.0,3.0,discharge_first,2847.669512857534,2213.614907449077,1776.9775218533914,1248.2218758122244,33.930669437249215,41.402398214426775,90.08954340353505,7.015537671502898,3.6787470946319445
20.5,3.0,discharge_first,2844.349505690314,2209.9260105966046,1775.0251587497823,1246.680413017934,34.00325973267193,41.474761970212036,88.07218365478887,6.640014334439911,3.08292558858102
21.0,3.0,discharge_first,2841.3031062626255,2206.5411223436236,1773.208396767361,1245.3113618756704,34.07080827872515,41.53903188505088,86.13641205600729,6.092798855376714,2.738102284527031
21.5,3.0,discharge_first,2838.392471635355,2203.3070838688814,1771.5236380664046,1244.0743140148722,34.133448845734605,41.59710492426083,84.28366007678592,5.821269254541221,2.4740957215963135
22.0,3.0,discharge_first,2835.5702022745027,2200.1712290234846,1769.995681538832,1242.9483842393852,34.19025939266849,41.649961540461035,82.51066120437693,5.644538721704521,2.2518595509741317
22.5,3.0,discharge_first,2832.8526039574003,2197.1516753378182,1768.424681429932,1241.786155989246,34.24867033159853,41.70452218348877,80.8112933414206,5.435196634204658,2.324456500278302
23.0,3.0,discharge_first,2830.224391915871,2194.2314397361174,1766.8447900139233,1240.6141375202576,34.30741185586309,41.75954242697427,79.1814928601592,5.256424083058846,2.3440369379768526
23.5,3.0,discharge_first,2827.730212099584,2191.460128829133,1765.3237738827263,1239.4768735377675,34.36396435375767,41.812931125940686,77.61470836981472,4.98835963257352,2.2745279649802796
24.0,3.0,discharge_first,2825.299781824442,2188.7596507456437,1763.8162520195729,1238.3531038233207,34.42001512484643,41.865686338376776,76.11025519892235,4.860860550284087,2.2475394288935604
24.5,3.0,discharge_first,2822.9233462059356,2186.119166725079,1762.4898132078652,1237.4104171603183,34.46933309496377,41.90994063223077,74.66475954264077,4.752871237013096,1.8853733260048102
25.0,3.0,discharge_first,2820.718107802517,2183.668901832394,1761.4342209382392,1236.678144071253,34.508580791540524,41.944317090217,73.26947494749547,4.410476806837323,1.464546178130604
25.5,3.0,discharge_first,2818.697202989176,2181.4234520397886,1760.2583520354904,1235.8220686257587,34.5523004617551,41.984505432550634,71.92087543058784,4.041809626682152,1.712150890988596
26.0,3.0,discharge_first,2816.7368348708746,2179.2452652416805,1759.18863912277,1235.0721491702939,34.59207317422255,42.01971029674514,70.62155808761928,3.9207362366023517,1.4998389109296113
26.5,3.0,discharge_first,2814.8180741273404,2177.1133088599786,1757.982085123492,1234.1853886282722,34.63693373888346,42.06133914665352,69.36952704376618,3.837521487068443,1.7735210840432956
27.0,3.0,discharge_first,2812.899313383812,2174.981352478276,1756.741700457247,1233.2647974192814,34.68305215261198,42.104556172502114,68.1638675200557,3.8375214870566197,1.8411824179815994
27.5,3.0,discharge_first,2811.0260577818185,2172.8999573649508,1755.4563834440355,1232.2992738633254,34.730841184031604,42.149882541109186,67.00021156926663,3.746511203987211,1.9310471119119939
28.0,3.0,discharge_first,2809.2991731126394,2170.9811966214197,1754.1770326958326,1231.3815159682144,34.77840838533224,42.192966557433046,65.8723063892272,3.4537693383581427,1.8355157902219617
28.5,3.0,discharge_first,2807.601761751045,2169.095183997427,1752.9490420141394,1230.4733187437773,34.824065981603994,42.23560174940618,64.78282777271426,3.394822723188554,1.8163944488742345
29.0,3.0,discharge_first,2806.025620931174,2167.343916419794,1751.7440555040992,1229.6512943281675,34.86886826586275,42.27419157089331,63.726271003447934,3.1522816397418865,1.6440488312196067
29.5,3.0,discharge_first,2804.4906123363494,2165.6383513144324,1750.540607355389,1228.831598328163,34.91361335271637,42.31267208523476,62.70398048153729,3.0700171896496613,1.6393920000091384
30.0,3.0,discharge_first,2802.955603741523,2163.9327862090704,1749.3822421583268,1228.0569852798073,34.956682222286126,42.349036186701824,61.71576631035712,3.07001718965239,1.5492260967112088
0.0,3.7,discharge_first,4469.281294121165,4016.469487743705,2689.5648960233802,2130.1586375153283,0.0,0.0,,,
0.5,3.7,discharge_first,4190.39059911111,3706.590937731824,2674.3486569819765,2115.216577766759,0.5657509533940508,0.7014529099108713,619.7571000225614,557.7813900201108,29.884119497138272
1.0,3.7,discharge_first,4070.249156088415,3573.100445484692,2640.067743698545,2081.747010194906,1.8403405100214765,2.2726770892937065,443.36904225849827,240.2828860453892,66.93913514370615
1.5,3.7,discharge_first,3962.7752781975555,3453.685025606022,2594.1110627062485,2036.4738129736706,3.5490436932108738,4.3980210155115,375.1896414248229,214.94775578171902,90.54639444247096
2.0,3.7,discharge_first,3863.2495078090947,3343.100836285331,2539.175805213769,1982.3022588706049,5.591576951051335,6.941097063887547,336.68432572900446,199.05154077692168,108.34310820613155
2.5,3.7,discharge_first,3770.8123856285115,3240.3929227513936,2478.37487406379,1922.4827010608044,7.8522002674798035,9.749317858164897,310.430625996791,184.87424436116635,119.63911561960094
3.0,3.7,discharge_first,3684.607938220148,3144.6102034090495,2414.953266033234,1860.0372557358046,10.210262276852655,12.680810575432078,290.61976144477507,172.4088948167273,124.89089064999962
3.5,3.7,discharge_first,3603.022402540491,3053.9299187544657,2349.657811070302,1795.6676884280703,12.637995292682591,15.702630930690532,275.0028227240377,163.17107135931383,128.73913461546863
4.0,3.7,discharge_first,3525.899799797361,2968.1670727161018,2284.9633000780805,1731.9071995265047,15.043384769912704,18.695858185161008,262.0504150899602,154.2452054862597,127.52097780313125
4.5,3.7,discharge_first,3454.334595993621,2888.579114388188,2223.5360697384167,1671.3966901848214,17.327294350621703,21.536515602688567,250.60412299444886,143.13040760748027,121.02101868336649
5.0,3.7,discharge_first,3388.3076288268862,2815.144752323542,2166.458859860604,1615.319622556881,19.44946697275115,24.169045717598227,240.21637006539493,132.05393433346944,112.15413525588065
5.5,3.7,discharge_first,3328.318050650322,2748.418600247947,2115.176294490431,1564.9830924884282,21.356190452299696,26.532087097801103,230.4976249436049,119.97915635312802,100.67306013690586
6.0,3.7,discharge_first,3274.0509634468594,2688.0507714759033,2069.236525501532,1519.9362174198181,23.06426483477034,28.646806362144417,221.33895012486133,108.53417440692556,90.09375013722001
6.5,3.7,discharge_first,3225.1535793833086,2633.6492795259087,2029.5052938126564,1481.0364487198112,24.541501236376405,30.472950575768852,212.67140422868957,97.79476812710163,77.79953740001383
7.0,3.7,discharge_first,3182.305284498946,2585.96899777494,1995.413105841029,1447.7757237370204,25.809073847174314,32.03437066894966,204.28190628924827,85.69658976872506,66.52144996558172
7.5,3.7,discharge_first,3144.278943435028,2543.6464424912074,1965.6502652437762,1418.844346128655,26.915678139982347,33.392550153746704,196.2966445460999,76.0526821278363,57.862755216730875
8.0,3.7,discharge_first,3109.825689313041,2505.2939838097027,1940.3061428638262,1394.3316867375838,27.857991241161738,34.54329352841212,188.8132784455672,68.9065082439738,49.02531878214222
8.5,3.7,discharge_first,3079.5079418648415,2471.5365325433595,1919.861151438092,1374.7516318606656,28.618151051990726,35.46247647244661,181.6697192491935,60.635494896398995,39.16010975383642
9.0,3.7,discharge_first,3053.0811774855697,2442.1023957981274,1903.0085101908383,1358.794412293735,29.2447446423581,36.211585918377054,174.8395205722953,52.85352875854369,31.91443913386138
9.5,3.7,discharge_first,3030.1011146548835,2416.497927440201,1888.8490887172632,1345.527529660801,29.771202341687484,36.834397872345356,168.32516718903926,45.96012566137233,26.533765265867714
10.0,3.7,discharge_first,3009.7659309496676,2393.832213666139,1876.807076744535,1334.3313856899777,30.218933199215137,37.35999928876771,162.16837368572183,40.670367410431936,22.392287941646828
10.5,3.7,discharge_first,2992.1111073794254,2374.144677819822,1866.419178551337,1324.8335157066674,30.605162890439797,37.80587546982007,156.31430547531593,35.30964714048423,18.995739966620476
11.0,3.7,discharge_first,2976.3386060858743,2356.571577474259,1857.3226997598103,1316.6132871076816,30.94337665895589,38.191772954364886,150.80229172073538,31.545002587102317,16.440457197971682
11.5,3.7,discharge_first,2962.1586041839423,2340.816019805457,1849.4992849406092,1309.621335277346,31.234256973120022,38.520009157396764,145.61571883451316,28.360003803863947,13.98390366067133
12.0,3.7,discharge_first,2949.310532829671,2326.540384967356,1842.241930205565,1303.1954435311632,31.504090757230397,38.82167174876496,140.73803345291716,25.69614270854254,12.851783492365485
12.5,3.7,discharge_first,2937.309420099758,2313.2058152674654,1835.568065426912,1297.3530417413754,31.75222995582422,39.09594248554929,136.1752776907926,24.00222545982615,11.6848035795756
13.0,3.7,discharge_first,2926.170345977118,2300.8290662423337,1829.6915866030654,1292.3080259063936,31.970721758440135,39.33278004995089,131.8898246276956,22.278148245280136,10.090031669963537
13.5,3.7,discharge_first,2916.104690823258,2289.645004960249,1824.5737170251489,1288.0216193173387,32.16100791161992,39.53400480915731,127.83346529200891,20.131310307720014,8.572813178109755
14.0,3.7,discharge_first,2906.9515790405885,2279.4748807572882,1819.736113861199,1283.9626816279008,32.340873553497616,39.72455107261177,123.99442183179188,18.30622356533877,8.117875378875851
14.5,3.7,discharge_first,2898.364137217887,2269.9332787320673,1815.2993811028025,1280.2934531669148,32.50583453900708,39.896802490715814,120.37679363243501,17.174883645402588,7.338456921972011
15.0,3.7,discharge_first,2890.2228370290773,2260.8873896333953,1811.2233826262752,1276.9914348264228,32.65738315873191,40.05181528095305,116.96729311793244,16.28260037761993,6.6040366809838815
15.5,3.7,discharge_first,2882.7833648280644,2252.6213094100335,1807.2517952761423,1273.8020003609329,32.805049696022216,40.20154283688805,113.72745012853822,14.878944402025809,6.378868930979934
16.0,3.7,discharge_first,2875.8696622384355,2244.9394176437963,1803.3874782050245,1270.6660790099804,32.94872784548167,40.34875822712819,110.65358554741145,13.827405179257767,6.271842701904916
16.5,3.7,discharge_first,2869.4723716783365,2237.8313170214683,1799.8589353477298,1267.8304525803853,33.07992166283525,40.481876314187794,107.73124056854036,12.794581120198018,5.67125285919019
17.0,3.7,discharge_first,2863.4225966270787,2231.109344742284,1796.6150064578935,1265.235099722443,33.200533323651925,40.603714791953436,104.95808480353539,12.099550102515423,5.190705715884633
17.5,3.7,discharge_first,2857.6380902395254,2224.6821154227846,1793.4644930584989,1262.7241732375594,33.31767172786195,40.72158988541654,102.32655262740599,11.569012775106785,5.021852969767224
18.0,3.7,discharge_first,2852.204687849847,2218.6450016564745,1790.4734798089899,1260.3727469025591,33.4288797992467,40.831977266599715,99.81954359699498,10.866804779357153,4.702852670000539
18.5,3.7,discharge_first,2846.975330170495,2212.834604234975,1787.4179454999971,1257.9567995080783,33.54248681105408,40.945393579917045,97.43579363067093,10.458715358703557,4.831894788961563
19.0,3.7,discharge_first,2841.8966115376866,2207.191583531858,1784.283361159141,1255.461802081735,33.659032961157806,41.0625208859497,95.16869488792274,10.157437265616863,4.9899948526867774
19.5,3.7,discharge_first,2837.0807583885817,2201.840635588411,1781.2582949972973,1253.0763228343985,33.77150714485631,41.17450687635081,93.00287952892208,9.631706298209792,4.770958494672868
20.0,3.7,discharge_first,2832.6581224413526,2196.9265956470485,1778.49591975816,1250.9535345097736,33.87421428693796,41.27416087804061,90.92350953776733,8.845271894458165,4.24557664924987
20.5,3.7,discharge_first,2828.628890421098,2192.4496711800894,1775.9706098994004,1249.0070291240288,33.96810716390455,41.365539301762865,88.92424952303912,8.058464040509534,3.893010771489571
21.0,3.7,discharge_first,2824.870304026381,2188.2734640748577,1773.6101310606334,1247.2286378383508,34.055871502376434,41.44902563251578,87.00587249178741,7.517172789433971,3.5567825713560524
21.5,3.7,discharge_first,2821.315141738672,2184.3232837551845,1771.2794792023958,1245.5375728946249,34.14252685178569,41.52841244033112,85.16620942545167,7.110324575417508,3.3821298874518106
22.0,3.7,discharge_first,2817.9072706243614,2180.536760294831,1769.3288168980548,1244.1656817357918,34.21505391024132,41.59281567935154,83.40272845943461,6.815742228621275,2.743782317666046
22.5,3.7,discharge_first,2814.7248715521027,2177.00076132566,1767.588218053137,1242.9742176702193,34.279770654852726,41.64874879365528,81.7064900034106,6.364798144517408,2.382928131145036
23.0,3.7,discharge_first,2811.7261401404135,2173.6688375348904,1766.0587282947986,1241.914935998066,34.33663820843361,41.69847662394442,80.07512821163056,5.997462823378555,2.1185633443064944
23.5,3.7,discharge_first,2808.960769149457,2170.5962031004983,1764.5291131704037,1240.9092599547432,34.393510423216625,41.74568794546815,78.50215248093184,5.530741981912797,2.0113520866457293
24.0,3.7,discharge_first,2806.2745041085104,2167.611464166116,1762.8757961478434,1239.8315711552432,34.454981965509745,41.79627989578209,76.9910550931784,5.372530081893274,2.155377599000076
24.5,3.7,discharge_first,2803.6578847846495,2164.7041093618245,1761.2540691950778,1238.785472425536,34.51527896578527,41.845388854677644,75.5384766139009,5.233238647721919,2.092197459414365
25.0,3.7,discharge_first,2801.2274545095074,2162.0036312783354,1759.7227123102525,1237.789236672493,34.57221594050151,41.892157003091455,74.13572620496258,4.860860550284087,1.9924715060860763
25.5,3.7,discharge_first,2798.819988686149,2159.3286692523766,1758.2266332012443,1236.8048270950922,34.62784126157927,41.93836997333996,72.78698498627533,4.814931646717014,1.968819154801622
26.0,3.7,discharge_first,2796.4628341989323,2156.709608711028,1756.7691614950645,1235.808479360855,34.682031131038634,41.98514337869532,71.48796837274499,4.714308974433152,1.9926954684742668
26.5,3.7,discharge_first,2794.2533876341085,2154.254668083449,1755.4890887543042,1234.869595798605,34.72962517655331,42.02921913651518,70.23177804977168,4.418893129647586,1.8777671245002239
27.0,3.7,discharge_first,2792.078792124778,2151.838450850855,1754.2416028053499,1233.9419033069048,34.776007621193294,42.07276953108965,69.02067909450159,4.349191018661259,1.8553849834001994
27.5,3.7,discharge_first,2790.004099157113,2149.5332364423402,1753.0061615330208,1233.0262554918315,34.821942235902014,42.115754490000555,67.84958363491127,4.149385935329519,1.831295630146542
28.0,3.7,discharge_first,2787.95742103068,2147.2591496351915,1751.8276997668563,1232.1675871829214,34.86575831068447,42.15606455394546,66.71920131311452,4.093356252866215,1.717336617820365
28.5,3.7,discharge_first,2785.910742904245,2144.985062828042,1750.668353115091,1231.3280339884118,34.908863671461575,42.1954772615121,65.62848152892478,4.093356252869853,1.6791063890191253
29.0,3.7,discharge_first,2784.0348433614495,2142.9007300027147,1749.4898845013352,1230.4684599201735,34.95268000084253,42.23582984620228,64.5688295310236,3.7517990855913013,1.7191481364766332
29.5,3.7,discharge_first,2782.201696327351,2140.8638999648283,1748.2976727493556,1229.596041625448,34.997007310205554,42.27678540131262,63.543487675849825,3.666294068197203,1.744836589451097
30.0,3.7,discharge_first,2780.441782878732,2138.9084405774747,1747.1948000848338,1228.836925764221,35.03801292662151,42.3124219894924,62.54961152749754,3.51982689723809,1.5182317224539474
