capacity_kwh,year,is_full_year,cost_eur,saving_eur
0.0,2019,False,0.030732900000000004,0.0
0.5,2019,False,0.030732900000000004,0.0
1.0,2019,False,0.030732900000000004,0.0
1.5,2019,False,0.030732900000000004,0.0
2.0,2019,False,0.030732900000000004,0.0
2.5,2019,False,0.030732900000000004,0.0
3.0,2019,False,0.030732900000000004,0.0
3.5,2019,False,0.030732900000000004,0.0
4.0,2019,False,0.030732900000000004,0.0
4.5,2019,False,0.030732900000000004,0.0
5.0,2019,False,0.030732900000000004,0.0
5.5,2019,False,0.030732900000000004,0.0
6.0,2019,False,0.030732900000000004,0.0
6.5,2019,False,0.030732900000000004,0.0
7.0,2019,False,0.030732900000000004,0.0
7.5,2019,False,0.030732900000000004,0.0
8.0,2019,False,0.030732900000000004,0.0
8.5,2019,False,0.030732900000000004,0.0
9.0,2019,False,0.030732900000000004,0.0
9.5,2019,False,0.030732900000000004,0.0
10.0,2019,False,0.030732900000000004,0.0
10.5,2019,False,0.030732900000000004,0.0
11.0,2019,False,0.030732900000000004,0.0
11.5,2019,False,0.030732900000000004,0.0
12.0,2019,False,0.030732900000000004,0.0
12.5,2019,False,0.030732900000000004,0.0
13.0,2019,False,0.030732900000000004,0.0
13.5,2019,False,0.030732900000000004,0.0
14.0,2019,False,0.030732900000000004,0.0
14.5,2019,False,0.030732900000000004,0.0
15.0,2019,False,0.030732900000000004,0.0
15.5,2019,False,0.030732900000000004,0.0
16.0,2019,False,0.030732900000000004,0.0
16.5,2019,False,0.030732900000000004,0.0
17.0,2019,False,0.030732900000000004,0.0
17.5,2019,False,0.030732900000000004,0.0
18.0,2019,False,0.030732900000000004,0.0
18.5,2019,False,0.030732900000000004,0.0
19.0,2019,False,0.030732900000000004,0.0
19.5,2019,False,0.030732900000000004,0.0
20.0,2019,False,0.030732900000000004,0.0
20.5,2019,False,0.030732900000000004,0.0
21.0,2019,False,0.030732900000000004,0.0
21.5,2019,False,0.030732900000000004,0.0
22.0,2019,False,0.030732900000000004,0.0
22.5,2019,False,0.030732900000000004,0.0
23.0,2019,False,0.030732900000000004,0.0
23.5,2019,False,0.030732900000000004,0.0
24.0,2019,False,0.030732900000000004,0.0
24.5,2019,False,0.030732900000000004,0.0
25.0,2019,False,0.030732900000000004,0.0
25.5,2019,False,0.030732900000000004,0.0
26.0,2019,False,0.030732900000000004,0.0
26.5,2019,False,0.030732900000000004,0.0
27.0,2019,False,0.030732900000000004,0.0
27.5,2019,False,0.030732900000000004,0.0
28.0,2019,False,0.030732900000000004,0.0
28.5,2019,False,0.030732900000000004,0.0
29.0,2019,False,0.030732900000000004,0.0
29.5,2019,False,0.030732900000000004,0.0
30.0,2019,False,0.030732900000000004,0.0
0.0,2020,True,1370.0233174,0.0
0.5,2020,True,1324.2272137678647,45.79610363213533
1.0,2020,True,1305.9055913752634,64.11772602473661
1.5,2020,True,1290.4849183318677,79.53839906813232
2.0,2020,True,1277.5980363182787,92.42528108172132
2.5,2020,True,1265.4521582371017,104.57115916289831
3.0,2020,True,1254.2211789912906,115.80213840870942
3.5,2020,True,1244.0227529870003,126.00056441299967
4.0,2020,True,1234.2746108416798,135.74870655832024
4.5,2020,True,1224.8553181540537,145.16799924594625
5.0,2020,True,1215.8604225802565,154.16289481974354
5.5,2020,True,1207.6610080952012,162.36230930479883
6.0,2020,True,1200.0659436381052,169.95737376189481
6.5,2020,True,1193.4499450495332,176.5733723504668
7.0,2020,True,1188.1681408809488,181.85517651905116
7.5,2020,True,1183.736603960652,186.28671343934798
8.0,2020,True,1179.8770552511369,190.14626214886312
8.5,2020,True,1176.8799993479456,193.14331805205438
9.0,2020,True,1174.497276723947,195.52604067605307
9.5,2020,True,1172.3368821222687,197.68643527773133
10.0,2020,True,1170.4787558433895,199.54456155661046
10.5,2020,True,1168.727645659189,201.29567174081103
11.0,2020,True,1167.1137597354384,202.9095576645616
11.5,2020,True,1165.756144569872,204.26717283012795
12.0,2020,True,1164.4719213835713,205.55139601642873
12.5,2020,True,1163.4629562258967,206.56036117410326
13.0,2020,True,1162.6459944011583,207.3773229988417
13.5,2020,True,1162.0178633101775,208.00545408982248
14.0,2020,True,1161.3897347135057,208.63358268649426
14.5,2020,True,1160.8021188402747,209.22119855972528
15.0,2020,True,1160.323670636724,209.69964676327595
15.5,2020,True,1159.820217966613,210.20309943338702
16.0,2020,True,1159.317753058073,210.7055643419269
16.5,2020,True,1158.8223429186032,211.20097448139677
17.0,2020,True,1158.3269327791334,211.69638462086664
17.5,2020,True,1157.8315253381058,212.19179206189415
18.0,2020,True,1157.3361202055758,212.68719719442424
18.5,2020,True,1156.8796431321489,213.1436742678511
19.0,2020,True,1156.5169405505335,213.5063768494665
19.5,2020,True,1156.154261376454,213.8690560235459
20.0,2020,True,1155.7859866923745,214.23733070762546
20.5,2020,True,1155.413926445647,214.6093909543531
21.0,2020,True,1155.0779641708893,214.94535322911065
21.5,2020,True,1154.759058667207,215.264258732793
22.0,2020,True,1154.4179887220448,215.60532867795519
22.5,2020,True,1154.0482555519768,215.9750618480232
23.0,2020,True,1153.6855763778974,216.3377410221026
23.5,2020,True,1153.3155848277145,216.70773257228552
24.0,2020,True,1152.9524792386273,217.07083816137265
24.5,2020,True,1152.5858174337168,217.4374999662832
25.0,2020,True,1152.220106800468,217.8032105995319
25.5,2020,True,1151.857427626389,218.16588977361107
26.0,2020,True,1151.4864871293862,218.5368302706138
26.5,2020,True,1151.1236401426966,218.89967725730344
27.0,2020,True,1150.7609659755567,219.2623514244433
27.5,2020,True,1150.3907956334021,219.63252176659785
28.0,2020,True,1150.0320643411305,219.99125305886946
28.5,2020,True,1149.7043887934326,220.3189286065674
29.0,2020,True,1149.3854909658548,220.63782643414515
29.5,2020,True,1149.0665970188231,220.95672038117686
30.0,2020,True,1148.7137133084718,221.30960409152817
0.0,2021,True,1078.7355674,0.0
0.5,2021,True,997.4512312286612,81.28433617133885
1.0,2021,True,962.891580484488,115.843986915512
1.5,2021,True,931.2771459522478,147.45842144775224
2.0,2021,True,901.5287207411104,177.20684665888962
2.5,2021,True,874.8809155917256,203.8546518082744
3.0,2021,True,849.4396354399389,229.29593196006113
3.5,2021,True,825.3191513105296,253.41641608947043
4.0,2021,True,802.2727883895395,276.4627790104605
4.5,2021,True,780.3026245620557,298.4329428379443
5.0,2021,True,759.961849035562,318.7737183644381
5.5,2021,True,742.0512180365336,336.6843493634665
6.0,2021,True,726.6316562321479,352.1039111678522
6.5,2021,True,713.5001701686895,365.23539723131057
7.0,2021,True,701.9593947517604,376.7761726482396
7.5,2021,True,691.7347218590311,387.00084554096895
8.0,2021,True,682.8769193799395,395.8586480200605
8.5,2021,True,675.3480925421085,403.38747485789156
9.0,2021,True,668.5466084645867,410.1889589354133
9.5,2021,True,663.0139340790608,415.7216333209392
10.0,2021,True,658.2609461380258,420.4746212619742
10.5,2021,True,654.2951756767967,424.44039172320333
11.0,2021,True,650.707865268289,428.02770213171107
11.5,2021,True,647.5034596695293,431.2321077304707
12.0,2021,True,644.3294954818408,434.4060719181592
12.5,2021,True,641.3232858742226,437.4122815257774
13.0,2021,True,638.9879482868691,439.7476191131309
13.5,2021,True,636.9478434994103,441.78772390058975
14.0,2021,True,634.9428892979578,443.79267810204226
14.5,2021,True,633.1199148809045,445.61565251909553
15.0,2021,True,631.3856221436317,447.3499452563683
15.5,2021,True,629.7676625466199,448.9679048533801
16.0,2021,True,628.2719954767825,450.4635719232175
16.5,2021,True,626.8779138161585,451.8576535838415
17.0,2021,True,625.5787361119545,453.1568312880455
17.5,2021,True,624.4414397482539,454.2941276517462
18.0,2021,True,623.4248425490104,455.3107248509897
18.5,2021,True,622.6357928091859,456.09977459081415
19.0,2021,True,621.9770350154893,456.7585323845108
19.5,2021,True,621.2809602827432,457.45460711725684
20.0,2021,True,620.65909480615,458.07647259385
20.5,2021,True,620.1505062296712,458.5850611703288
21.0,2021,True,619.6551061040807,459.08046129591935
21.5,2021,True,619.1597059784899,459.5758614215101
22.0,2021,True,618.6643058528992,460.0712615471008
22.5,2021,True,618.180598648684,460.554968751316
23.0,2021,True,617.692025951718,461.043541448282
23.5,2021,True,617.2729121700398,461.4626552299602
24.0,2021,True,616.9540687145485,461.78149868545154
24.5,2021,True,616.7122926123748,462.02327478762527
25.0,2021,True,616.470516510201,462.265050889799
25.5,2021,True,616.2287404080272,462.50682699197284
26.0,2021,True,616.0215884505595,462.7139789494405
26.5,2021,True,615.8888624921088,462.8467049078912
27.0,2021,True,615.773413933658,462.962153466342
27.5,2021,True,615.6406879752071,463.0948794247929
28.0,2021,True,615.5079620167566,463.2276053832435
28.5,2021,True,615.3828701280479,463.35269727195214
29.0,2021,True,615.261982076961,463.47358532303906
29.5,2021,True,615.1410940258742,463.59447337412587
30.0,2021,True,615.0202059747874,463.7153614252127
0.0,2022,True,1019.4339114999999,0.0
0.5,2022,True,944.9020371002316,74.5318743997683
1.0,2022,True,907.866371599303,111.56753990069694
1.5,2022,True,873.8212621463185,145.61264935368138
2.0,2022,True,843.0482713436907,176.38564015630925
2.5,2022,True,815.1119203374244,204.3219911625755
3.0,2022,True,789.123586697736,230.31032480226395
3.5,2022,True,764.615933968919,254.81797753108094
4.0,2022,True,742.4558265766656,276.97808492333434
4.5,2022,True,723.4054209908891,296.02849050911084
5.0,2022,True,706.8260870020052,312.60782449799467
5.5,2022,True,692.515948179755,326.9179633202449
6.0,2022,True,680.1131287995662,339.3207827004337
6.5,2022,True,669.8927027416769,349.541208758323
7.0,2022,True,661.617347154005,357.81656434599495
7.5,2022,True,654.3887444752265,365.0451670247734
8.0,2022,True,648.3892682181569,371.04464328184304
8.5,2022,True,643.756218214494,375.67769328550594
9.0,2022,True,639.8576013452968,379.57631015470315
9.5,2022,True,636.5888201527326,382.84509134726727
10.0,2022,True,634.142124807439,385.2917866925609
10.5,2022,True,632.0112472647014,387.4226642352985
11.0,2022,True,630.2953047727212,389.13860672727867
11.5,2022,True,628.7129296081913,390.7209818918086
12.0,2022,True,627.0668851433409,392.36702635665904
12.5,2022,True,625.4124411680912,394.02147033190874
13.0,2022,True,623.9118959723265,395.5220155276734
13.5,2022,True,622.6483038716276,396.7856076283723
14.0,2022,True,621.6245509045438,397.80936059545616
14.5,2022,True,620.6413619689613,398.7925495310386
15.0,2022,True,619.8553007574318,399.5786107425681
15.5,2022,True,619.137546869311,400.2963646306889
16.0,2022,True,618.4255241019955,401.0083873980044
16.5,2022,True,617.802282820725,401.63162867927485
17.0,2022,True,617.2179254001409,402.21598609985904
17.5,2022,True,616.633567979557,402.8003435204429
18.0,2022,True,616.0050221544802,403.4288893455197
18.5,2022,True,615.4248847905383,404.00902670946164
19.0,2022,True,615.0126525849558,404.42125891504406
19.5,2022,True,614.6263076100275,404.80760388997237
20.0,2022,True,614.2512042842928,405.18270721570707
20.5,2022,True,613.8766922097889,405.55721929021104
21.0,2022,True,613.5021817156384,405.93172978436155
21.5,2022,True,613.1276746480742,406.30623685192575
22.0,2022,True,612.7545578851664,406.67935361483353
22.5,2022,True,612.384777182038,407.04913431796194
23.0,2022,True,612.0221030148981,407.4118084851018
23.5,2022,True,611.6427813055517,407.7911301944482
24.0,2022,True,611.3380152379792,408.0958962620207
24.5,2022,True,611.0737147406709,408.360196759329
25.0,2022,True,610.8082578168296,408.6256536831703
25.5,2022,True,610.5494433385472,408.8844681614527
26.0,2022,True,610.2958243220701,409.13808717792983
26.5,2022,True,610.0422053055928,409.3917061944071
27.0,2022,True,609.7885862891154,409.6453252108845
27.5,2022,True,609.534967272638,409.8989442273619
28.0,2022,True,609.2738394624018,410.16007203759807
28.5,2022,True,609.0187957349847,410.41511576501523
29.0,2022,True,608.7677123987619,410.666199101238
29.5,2022,True,608.5140933822845,410.9198181177154
30.0,2022,True,608.2604743658073,411.17343713419257
0.0,2023,True,1269.0577195,0.0
0.5,2023,True,1197.532579463534,71.52514003646615
1.0,2023,True,1158.9127747966572,110.14494470334284
1.5,2023,True,1124.255494444567,144.80222505543315
2.0,2023,True,1092.4999534926035,176.5577660073966
2.5,2023,True,1063.8558301491823,205.20188935081774
3.0,2023,True,1037.4818877075247,231.57583179247536
3.5,2023,True,1012.9244487067969,256.1332707932032
4.0,2023,True,989.725983420994,279.3317360790061
4.5,2023,True,968.9416446884018,300.1160748115983
5.0,2023,True,950.3282415417406,318.7294779582595
5.5,2023,True,934.0391772778014,335.0185422221987
6.0,2023,True,919.420339306303,349.637380193697
6.5,2023,True,905.9297572227534,363.12796227724664
7.0,2023,True,894.0195249845146,375.03819451548543
7.5,2023,True,883.5989705490612,385.4587489509389
8.0,2023,True,874.0378183492463,395.01990115075375
8.5,2023,True,865.7089258392588,403.3487936607413
9.0,2023,True,858.3854119724086,410.67230752759144
9.5,2023,True,851.8290009823779,417.22871851762216
10.0,2023,True,846.0484659107453,423.00925358925474
10.5,2023,True,841.2298491934722,427.82787030652787
11.0,2023,True,836.971029665097,432.08668983490304
11.5,2023,True,832.8307501072004,436.2269693927997
12.0,2023,True,829.3884204673711,439.66929903262894
12.5,2023,True,826.308128885601,442.74959061439904
13.0,2023,True,823.5748751344604,445.4828443655397
13.5,2023,True,821.0090223467911,448.048697153209
14.0,2023,True,818.5473221321311,450.510397367869
14.5,2023,True,816.5909253224553,452.4667941775448
15.0,2023,True,814.978483659433,454.0792358405671
15.5,2023,True,813.425576827377,455.6321426726231
16.0,2023,True,811.8786591909658,457.1790603090343
16.5,2023,True,810.3910627730544,458.6666567269457
17.0,2023,True,808.9091386521346,460.14858084786545
17.5,2023,True,807.5250140754349,461.53270542456517
18.0,2023,True,806.3305808293661,462.72713867063396
18.5,2023,True,805.1363006298665,463.9214188701336
19.0,2023,True,803.9072312647451,465.150488235255
19.5,2023,True,802.6653339034633,466.39238559653677
20.0,2023,True,801.4375003557855,467.6202191442146
20.5,2023,True,800.2130606342911,468.844658865709
21.0,2023,True,798.9769013149377,470.0808181850624
21.5,2023,True,797.7655652473302,471.2921542526699
22.0,2023,True,796.7062094764098,472.3515100235903
22.5,2023,True,795.7464846118257,473.31123488817434
23.0,2023,True,794.8612646288033,474.1964548711968
23.5,2023,True,793.970568398302,475.08715110169805
24.0,2023,True,793.1378547450533,475.91986475494673
24.5,2023,True,792.3673227861772,476.6903967138229
25.0,2023,True,791.6065429954959,477.45117650450413
25.5,2023,True,790.8391311684246,478.21858833157546
26.0,2023,True,790.1435138376274,478.91420566237264
26.5,2023,True,789.5050008738551,479.55271862614495
27.0,2023,True,788.8553619730053,480.2023575269948
27.5,2023,True,788.2150246695563,480.84269483044375
28.0,2023,True,787.6188054017261,481.4389140982739
28.5,2023,True,786.990674310745,482.06704518925505
29.0,2023,True,786.3967937453014,482.6609257546987
29.5,2023,True,785.9824370509172,483.0752824490829
30.0,2023,True,785.6282321647034,483.4294873352967
0.0,2024,False,1230.6784673,0.0
0.5,2024,False,1153.793916482466,76.88455081753386
1.0,2024,False,1116.5691050915518,114.10936220844815
1.5,2024,False,1083.1033248119968,147.57514248800317
2.0,2024,False,1051.368491182264,179.3099761177359
2.5,2024,False,1021.9523033163894,208.7261639836106
3.0,2024,False,995.2256271493338,235.45284015066613
3.5,2024,False,970.3090481980781,260.36941910192184
4.0,2024,False,947.6179127761101,283.0605545238899
4.5,2024,False,926.5618046784913,304.1166626215087
5.0,2024,False,906.7721836445972,323.9062836554027
5.5,2024,False,888.905091604786,341.773375695214
6.0,2024,False,872.9673295154781,357.71113778452184
6.5,2024,False,858.8841864174052,371.79428088259476
7.0,2024,False,845.9216976528805,384.7567696471194
7.5,2024,False,833.3873973302892,397.29106996971075
8.0,2024,False,822.4661492314349,408.2123180685651
8.5,2024,False,812.7246590422773,417.9538082577227
9.0,2024,False,803.8864427324548,426.7920245675451
9.5,2024,False,795.9602597483885,434.7182075516115
10.0,2024,False,789.4473928687241,441.23107443127583
10.5,2024,False,783.6668545614762,447.0116127385238
11.0,2024,False,778.5609593009389,452.1175079990611
11.5,2024,False,774.1526899819003,456.5257773180997
12.0,2024,False,770.1885682726163,460.4898990273837
12.5,2024,False,766.5203172876028,464.1581500123972
13.0,2024,False,762.9492186255965,467.7292486744035
13.5,2024,False,759.7305790696055,470.9478882303945
14.0,2024,False,756.7195039286868,473.9589633713132
14.5,2024,False,753.8180330041532,476.86043429584674
15.0,2024,False,751.1066102980457,479.5718570019543
15.5,2024,False,748.6491527560071,482.0293145439929
16.0,2024,False,746.2216865119916,484.45678078800836
16.5,2024,False,743.8599111388072,486.81855616119276
17.0,2024,False,741.5875373149058,489.09092998509414
17.5,2024,False,739.422208102285,491.25625919771494
18.0,2024,False,737.4334368817554,493.2450304182446
18.5,2024,False,735.5942799535794,495.08418734642055
19.0,2024,False,733.845233122247,496.83323417775296
19.5,2024,False,732.2448810851255,498.4335862148745
20.0,2024,False,730.7648353259784,499.91363197402154
20.5,2024,False,729.2873451318779,501.391122168122
21.0,2024,False,727.9377389431519,502.7407283568481
21.5,2024,False,726.7252494554049,503.9532178445951
22.0,2024,False,725.5184606843679,505.160006615632
22.5,2024,False,724.3513210040992,506.3271462959008
23.0,2024,False,723.1962589470373,507.48220835296263
23.5,2024,False,722.0905257730919,508.587941526908
24.0,2024,False,720.9834143284825,509.6950529715175
24.5,2024,False,720.0013298520506,510.67713744794935
25.0,2024,False,719.1668691840155,511.5115981159845
25.5,2024,False,718.3407258003969,512.3377414996031
26.0,2024,False,717.5206096832001,513.1578576167999
26.5,2024,False,716.799852323973,513.8786149760269
27.0,2024,False,716.0567837777392,514.6216835222608
27.5,2024,False,715.3940393055011,515.2844279944989
28.0,2024,False,714.7895824775939,515.8888848224061
28.5,2024,False,714.2006463177373,516.4778209822626
29.0,2024,False,713.7170790925709,516.9613882074291
29.5,2024,False,713.2335118674044,517.4449554325955
30.0,2024,False,712.7868285349397,517.8916387650603
0.0,2025,True,1322.0994269999999,0.0
0.5,2025,True,1245.0222839825362,77.07714301746364
1.0,2025,True,1206.081476919185,116.0179500808149
1.5,2025,True,1171.0665899763433,151.0328370236566
2.0,2025,True,1138.5427610707031,183.55666592929674
2.5,2025,True,1107.7976438980415,214.30178310195834
3.0,2025,True,1078.904090970362,243.19533602963793
3.5,2025,True,1052.2300300407583,269.8693969592416
4.0,2025,True,1027.6988466827386,294.4005803172613
4.5,2025,True,1005.9235774878455,316.1758495121544
5.0,2025,True,987.0222960894798,335.07713091052005
5.5,2025,True,970.7262419164898,351.37318508351007
6.0,2025,True,955.9198319348604,366.17959506513944
6.5,2025,True,943.0617061171987,379.0377208828012
7.0,2025,True,931.7100597456493,390.38936725435053
7.5,2025,True,921.7498725352482,400.3495544647517
8.0,2025,True,912.8536333542763,409.24579364572355
8.5,2025,True,904.7809558165366,417.3184711834633
9.0,2025,True,898.1203774601037,423.9790495398962
9.5,2025,True,892.3784641493826,429.7209628506173
10.0,2025,True,887.1736738944351,434.9257531055648
10.5,2025,True,882.6634787813455,439.4359482186544
11.0,2025,True,878.4833897282049,443.616037271795
11.5,2025,True,874.9133294898819,447.186097510118
12.0,2025,True,871.5158431292145,450.58358387078533
12.5,2025,True,868.4600024290974,453.6394245709025
13.0,2025,True,865.645152789145,456.4542742108549
13.5,2025,True,863.0222199811761,459.07720701882374
14.0,2025,True,860.4360894027884,461.66333759721147
14.5,2025,True,857.9908785636961,464.10854843630375
15.0,2025,True,855.9114788677249,466.187948132275
15.5,2025,True,854.2351294596197,467.8642975403802
16.0,2025,True,852.7116668951882,469.3877601048117
16.5,2025,True,851.2951431045988,470.8042838954011
17.0,2025,True,849.829039934726,472.2703870652739
17.5,2025,True,848.4057750176247,473.6936519823752
18.0,2025,True,847.1723881998656,474.92703880013426
18.5,2025,True,846.0455404658787,476.05388653412115
19.0,2025,True,844.9560144114593,477.1434125885406
19.5,2025,True,843.9964846580599,478.10294234194
20.0,2025,True,843.2550601163833,478.84436688361654
20.5,2025,True,842.5379767373485,479.5614502626514
21.0,2025,True,841.8148249883135,480.2846020116864
21.5,2025,True,841.2327371781988,480.86668982180106
22.0,2025,True,840.7834759079238,481.31595109207603
22.5,2025,True,840.3436823531545,481.7557446468454
23.0,2025,True,839.9028713596457,482.1965556403542
23.5,2025,True,839.5090779797504,482.5903490202495
24.0,2025,True,839.1565690639517,482.9428579360482
24.5,2025,True,838.7938948968117,483.30553210318817
25.0,2025,True,838.4312207296718,483.668206270328
25.5,2025,True,838.068546562532,484.0308804374679
26.0,2025,True,837.7058723953921,484.39355460460774
26.5,2025,True,837.3431982282523,484.7562287717476
27.0,2025,True,836.9791389334619,485.120288066538
27.5,2025,True,836.604627985082,485.49479901491793
28.0,2025,True,836.2301209175178,485.8693060824821
28.5,2025,True,835.8556104766171,486.24381652338275
29.0,2025,True,835.4810984021133,486.6183285978866
29.5,2025,True,835.1988387501776,486.90058824982225
30.0,2025,True,834.9685628058073,487.13086419419255
0.0,2026,False,935.2714993000001,0.0
0.5,2026,False,870.6616157557668,64.6098835442333
1.0,2026,False,841.5568430479935,93.71465625200653
1.5,2026,False,814.8200355227356,120.45146377726451
2.0,2026,False,789.6289968127342,145.64250248726592
2.5,2026,False,766.0351529901964,169.2363463098037
3.0,2026,False,744.9352016193201,190.33629768068
3.5,2026,False,724.8168719584601,210.45462734154
4.0,2026,False,705.6779694236703,229.59352987632974
4.5,2026,False,687.2431587508094,248.02834054919072
5.0,2026,False,669.6640955677979,265.6074037322022
5.5,2026,False,653.1276469786742,282.1438523213259
6.0,2026,False,637.4776628428607,297.7938364571394
6.5,2026,False,623.8507784606937,311.42072083930634
7.0,2026,False,611.7421002973881,323.52939900261197
7.5,2026,False,600.5588555344664,334.7126437655337
8.0,2026,False,590.7992845989489,344.47221470105114
8.5,2026,False,582.1442713981772,353.12722790182283
9.0,2026,False,574.8245478642484,360.44695143575166
9.5,2026,False,568.2780751687643,366.99342413123577
10.0,2026,False,562.0748743951824,373.19662490481767
10.5,2026,False,556.4774786737833,378.7940206262168
11.0,2026,False,551.2044690712239,384.06703022877616
11.5,2026,False,546.2967703848753,388.97472891512473
12.0,2026,False,541.770392593241,393.50110670675906
12.5,2026,False,537.8602089323992,397.4112903676008
13.0,2026,False,534.3582237632144,400.9132755367857
13.5,2026,False,531.2341262873764,404.0373730126237
14.0,2026,False,528.2449269349897,407.02657236501034
14.5,2026,False,525.6771395527919,409.59435974720816
15.0,2026,False,523.4159297266636,411.8555695733364
15.5,2026,False,521.3400453208087,413.93145397919136
16.0,2026,False,519.3001661774657,415.97133312253436
16.5,2026,False,517.2555899354395,418.01590936456057
17.0,2026,False,515.2077032781847,420.0637960218154
17.5,2026,False,513.2975768167655,421.97392248323456
18.0,2026,False,511.4829612161479,423.7885380838522
18.5,2026,False,510.06655437540877,425.2049449245913
19.0,2026,False,508.9943416713162,426.2771576286839
19.5,2026,False,507.96935059397487,427.3021487060252
20.0,2026,False,507.0104911127663,428.26100818723376
20.5,2026,False,506.1038324523234,429.1676668476767
21.0,2026,False,505.3144660809278,429.9570332190723
21.5,2026,False,504.5534377727677,430.71806152723235
22.0,2026,False,503.78616662988003,431.48533267012004
22.5,2026,False,503.0037967636398,432.2677025363603
23.0,2026,False,502.22075096866047,433.0507483313396
23.5,2026,False,501.42688868863564,433.84461061136443
24.0,2026,False,500.7216428653493,434.5498564346508
24.5,2026,False,500.0263433145093,435.2451559854908
25.0,2026,False,499.32268445200754,435.94881484799254
25.5,2026,False,498.6449570453043,436.6265422546958
26.0,2026,False,497.9372316860499,437.33426761395015
26.5,2026,False,497.182344434511,438.0891548654891
27.0,2026,False,496.43292390885034,438.83857539114973
27.5,2026,False,495.7938680821661,439.47763121783396
28.0,2026,False,495.1830121509273,440.08848714907276
28.5,2026,False,494.5785568746741,440.69294242532595
29.0,2026,False,493.974101062589,441.2973982374111
29.5,2026,False,493.36964077939615,441.9018585206039
30.0,2026,False,492.75835029620316,442.5131490037969
