doy,theta_start_deg,theta_end_deg,theta_start_raw_deg,theta_end_raw_deg,n_samples_start,n_samples_end,n_years
1,-1.0672680749821821,-0.19525527104320428,-0.7767065566922534,-0.420324868479412,109,109,6
2,-1.0716595169871845,-0.19987162122416668,-1.018878143604352,-0.42932214410330094,108,108,6
3,-1.0763161378430826,-0.20469741584048295,-1.0208469720905178,-0.43831941972718996,107,107,6
4,-1.0812323801433852,-0.20973079015248863,-1.0228158005766839,-0.2909119650759546,106,106,6
5,-1.086402400058846,-0.2149696984559038,-1.02478462906285,-0.21766453405092404,105,105,6
6,-1.0918200742401782,-0.22041191534756538,-1.0267534575490158,-0.17267175732903833,104,104,6
7,-1.0974790070444693,-0.22605503718453807,-1.028722286035182,-0.1757884918701163,103,103,6
8,-1.1033725380767754,-0.23189648373522354,-1.0309499435871374,-0.2243475165069212,102,102,6
9,-1.1094937500379989,-0.23793350002087343,-1.0326599430075138,-0.22657517732558696,101,101,6
10,-1.1158354768698078,-0.2441631583456867,-1.0341892412535785,-0.2308642965089448,100,100,6
11,-1.1223903121869923,-0.2505823605134579,-1.0822431894339988,-0.2351534156923026,99,99,5
12,-1.1291506179873259,-0.257187840228528,-1.035718539499643,-0.26710179456462946,99,99,5
13,-1.1361085336286718,-0.2639761656785753,-1.035718539499643,-0.3188645678151745,99,99,5
14,-1.1432559850627566,-0.27094374229657586,-1.035718539499643,-0.3188645678151745,99,99,5
15,-1.1505846943147424,-0.2780868156990561,-1.035718539499643,-0.3188645678151745,99,99,5
16,-1.158086189197428,-0.2854014747975575,-1.0341892412535785,-0.38317140142972483,100,100,5
17,-1.1657518132486457,-0.2928836550800311,-1.000169954020362,-0.38317140142972483,100,100,5
18,-1.1735727358801558,-0.3005291420586886,-1.0341892412535785,-0.38317140142972483,100,100,5
19,-1.1815399627260863,-0.3083335748806383,-1.0341892412535785,-0.38317140142972483,100,100,5
20,-1.1896443461787434,-0.31629245009745294,-1.0341892412535785,-0.2678410887298385,100,100,5
21,-1.197876596099392,-0.32440112558962775,-1.072744548681403,-0.38492302579689325,100,100,5
22,-1.2062272906913987,-0.33265482464171225,-1.0722508388774326,-0.40631713460546554,100,100,5
23,-1.214686887522949,-0.3410486401637227,-1.0722508388774326,-0.37855363494381816,100,100,5
24,-1.2232457346863668,-0.34957753905427663,-1.0722508388774326,-0.40631713460546554,100,100,5
25,-1.231894082080908,-0.3582363667007214,-1.0722508388774326,-0.40631713460546554,100,100,5
26,-1.2406220928057612,-0.36701985161137896,-1.0722508388774326,-0.529371765308879,100,100,5
27,-1.2494198546498485,-0.37592261017486966,-1.010704183215052,-0.529371765308879,100,100,5
28,-1.2582773916649208,-0.3849391515413327,-0.9734884702422208,-0.529371765308879,100,100,5
29,-1.2671846758083354,-0.3940638826202252,-1.152787328203223,-0.529371765308879,100,100,5
30,-1.2761316386418244,-0.40329111318923805,-1.2438382367052878,-0.529371765308879,100,100,5
31,-1.2851081830725062,-0.41261506110874846,-1.2464094554853378,-0.5681073191482703,100,100,5
32,-1.2941041951223309,-0.42202985763610035,-1.2464094554853378,-0.5681073191482703,100,100,5
33,-1.3031095557121308,-0.43152955283389055,-1.2464094554853378,-0.5294194337435302,100,100,5
34,-1.3121141524464246,-0.441108121066332,-1.2464094554853378,-0.5294194337435302,100,100,5
35,-1.3211078913851244,-0.4507594665776628,-1.311681574098733,-0.5294194337435302,100,100,5
36,-1.3300807087883166,-0.4604774291464716,-1.4690632987534156,-0.40840100753510306,100,100,5
37,-1.3390225828203175,-0.47025578980973026,-1.550504601377184,-0.40840100753510306,100,100,5
38,-1.3479235451992504,-0.4800882766502353,-1.6099301618113042,-0.40840100753510306,100,100,5
39,-1.3567736927784662,-0.4899685706410939,-1.6099301618113042,-0.5781554520878406,100,100,5
40,-1.3655631990462023,-0.4998903115408215,-1.6099301618113042,-0.5781554520878406,100,100,5
41,-1.3742823255299774,-0.5098471038325574,-1.6099301618113042,-0.3610167742390421,100,100,5
42,-1.3829214330923294,-0.5198325227008601,-1.6099301618113042,-0.3147852600208584,100,100,5
43,-1.3914709931046405,-0.5298401200394964,-1.6701285572447575,-0.3147852600208584,100,100,5
44,-1.3999215984859306,-0.5398634304836027,-1.6701285572447575,-0.24451904528500157,100,100,5
45,-1.4082639745936634,-0.549895977459572,-1.6701285572447575,-0.37861247070295223,100,100,5
46,-1.4164889899537898,-0.5599312792459978,-1.6701285572447575,-0.3660904024635658,100,100,5
47,-1.4245876668174355,-0.5699628550389948,-1.7645422619153235,-0.3660904024635658,100,100,5
48,-1.4325511915318558,-0.5799842310152101,-1.7645422619153235,-0.637859495301617,100,100,5
49,-1.4403709247134897,-0.5899889463858434,-2.0168649725430963,-0.637859495301617,100,100,5
50,-1.4480384112111901,-0.599970559435006,-2.0168649725430963,-0.637859495301617,100,100,5
51,-1.4555453898479493,-0.6099226535357625,-1.9978502668906746,-0.6342707971559994,100,100,5
52,-1.4628838029297009,-0.6198388431372324,-1.9978502668906746,-0.6342707971559994,100,100,5
53,-1.470045805510062,-0.6297127797161574,-1.9978502668906746,-0.705887379621484,100,100,5
54,-1.47702377440016,-0.6395381576863814,-1.9978502668906746,-0.7777115166854434,100,100,5
55,-1.4838103169129961,-0.6493087202597462,-1.7442140683327805,-0.7777115166854434,100,100,5
56,-1.490398279332105,-0.6590182652519516,-1.7337882561819722,-0.7777115166854434,100,100,5
57,-1.496780755094608,-0.6686606508270037,-1.6365202209975949,-0.8509445737238633,100,100,5
58,-1.5029510926790812,-0.6782298011739396,-1.572357438591488,-0.9329122424453559,100,100,5
59,-1.5089029031890178,-0.687719712109598,-1.572357438591488,-0.8551170580136174,100,100,5
60,-1.5146300676230227,-0.6971244566012902,-1.572357438591488,-0.8551170580136174,100,100,5
61,-1.5201267438232435,-0.7064381902033232,-1.572357438591488,-0.8551170580136174,100,100,5
62,-1.5253873730939287,-0.7156551564014183,-1.7337882561819722,-0.8551170580136174,100,100,5
63,-1.5304066864823889,-0.7247696918591852,-1.572357438591488,-1.0249632192879428,100,100,5
64,-1.5351797107150364,-0.7337762315609186,-1.572357438591488,-1.0249632192879428,100,100,5
65,-1.53970177378159,-0.7426693138451083,-1.572357438591488,-0.8551170580136174,100,100,5
66,-1.5439685101609406,-0.7514435853231778,-1.572357438591488,-0.8551170580136174,100,100,5
67,-1.547975865682607,-0.7600938056781039,-1.3741236657540499,-0.8551170580136174,100,100,5
68,-1.5517201020181242,-0.7686148523377024,-1.3442604480136267,-0.730680644506922,100,100,5
69,-1.5551978007971705,-0.7770017250175189,-1.2618451621417346,-0.730680644506922,100,100,5
70,-1.5584058673436503,-0.7852495501284078,-1.2618451621417346,-0.730680644506922,100,100,5
71,-1.5613415340274295,-0.7933535850440429,-1.1840405287944977,-0.7367948258661745,99,99,5
72,-1.5640023632278495,-0.8013092222237647,-1.1914653066835161,-0.7367948258661745,99,99,5
73,-1.5663862499056227,-0.8091119931863364,-1.1914653066835161,-0.6752027818540558,99,99,5
74,-1.5684914237801582,-0.8167575723303567,-1.1914653066835161,-0.6356198429429223,99,99,5
75,-1.5703164511098506,-0.824241780597248,-1.1914653066835161,-0.6356198429429223,99,99,5
76,-1.5718602360733158,-0.83156058897293,-1.1840405287944977,-0.6356198429429223,99,99,5
77,-1.5731220217500392,-0.8387101218244681,-1.1914653066835161,-0.6356198429429223,99,99,5
78,-1.5741013906993753,-0.8456866600681816,-1.2644945895354045,-0.6285628660081799,99,99,5
79,-1.5747982651373018,-0.852486644165887,-1.2644945895354045,-0.6412529778392115,99,99,5
80,-1.5752129067108203,-0.8591066769461583,-1.1983973415570848,-0.6412529778392115,99,99,5
81,-1.5753459158703558,-0.8655435262476792,-1.3353122806288906,-0.6412529778392115,99,99,5
82,-1.5751982308409958,-0.8717941273819754,-1.1983973415570848,-0.6379846770638097,99,99,5
83,-1.5747711261938702,-0.8778555854130204,-1.1983973415570848,-0.5967124563885371,99,99,5
84,-1.5740662110194559,-0.8837251772514202,-1.3353122806288906,-0.6379846770638097,99,99,5
85,-1.573085426705049,-0.8894003535610955,-1.4168665311930175,-0.7325767179493156,99,99,5
86,-1.5718310443191288,-0.8948787404766023,-1.4740975937853893,-0.7325767179493156,99,99,5
87,-1.570305661605785,-0.9001581411294417,-1.5453167554551188,-0.7325767179493156,99,99,5
88,-1.5685121995928524,-0.9052365369819354,-1.5453167554551188,-0.7391041585587511,99,97,5
89,-1.5664538988178458,-0.9101120889674681,-1.7537576203537015,-0.742367878863469,99,96,5
90,-1.564134315176245,-0.9147831384361123,-1.7537576203537015,-0.742367878863469,99,96,5
91,-1.561557315397117,-0.9192482079048859,-1.828967661767035,-0.7958972200486278,100,97,5
92,-1.5587270721515085,-0.9235060016121123,-1.828967661767035,-0.7970406042022258,100,96,5
93,-1.5556480587994754,-0.9275554058755751,-1.828967661767035,-0.7970406042022258,100,96,5
94,-1.5523250437820337,-0.9313954892543976,-1.828967661767035,-0.814347049394023,100,96,5
95,-1.5487630846647475,-0.9350255025147884,-1.828967661767035,-0.814347049394023,100,96,5
96,-1.544967521840071,-0.9384448784000301,-1.828967661767035,-0.8143159128164574,100,97,5
97,-1.5409439718959645,-0.9416532312053114,-1.828967661767035,-0.8174752057017376,100,100,5
98,-1.5366983206587062,-0.9446503561582236,-1.749724627991071,-0.8254585286344311,100,97,5
99,-1.5322367159181935,-0.9474362286059695,-1.749724627991071,-0.8201363133459687,100,99,5
100,-1.527565559844411,-0.9500110030105547,-1.749724627991071,-0.8506630816384031,100,100,5
101,-1.5226915011041047,-0.9523750117534466,-1.749724627991071,-0.8524918363019534,100,98,5
102,-1.5176214266870507,-0.9545287637514139,-1.749724627991071,-0.8515774589701782,100,99,5
103,-1.5123624534516547,-0.956472942885466,-1.8297954656487752,-0.8506630816384031,100,100,5
104,-1.506921919399946,-0.9582084062450328,-1.749724627991071,-0.8690061219478189,100,100,5
105,-1.5013073746923498,-0.9597361821897344,-1.749724627991071,-0.8515774589701782,100,99,5
106,-1.4955265724129292,-0.9610574682312973,-1.6482724531139092,-0.8690061219478189,100,100,5
107,-1.4895874590960758,-0.9621736287383829,-1.6377959534894255,-0.8690061219478189,100,100,5
108,-1.4834981650259218,-0.9630861924672913,-1.6377959534894255,-0.8881622999951742,100,100,5
109,-1.477266994320001,-0.9637968499217089,-1.3118982934292323,-0.8881622999951742,100,100,5
110,-1.4709024148089453,-0.9643074505448535,-1.310383170255272,-1.0577010654352592,100,100,5
111,-1.4644130477242474,-0.9646199997475724,-1.2328882912186745,-1.0577010654352592,100,100,5
112,-1.4578076572063392,-0.9647366557761266,-1.2328882912186745,-1.0577010654352592,100,100,5
113,-1.451095139645451,-0.9646597264235792,-1.2328882912186745,-1.0577010654352592,100,100,5
114,-1.4442845128679143,-0.9643916655888874,-1.310383170255272,-1.0577010654352592,100,100,5
115,-1.4373849051807481,-0.9639350696879618,-1.2334706146013876,-1.0577010654352592,100,100,5
116,-1.430405544287543,-0.963292673921132,-1.2276910418966436,-1.0577010654352592,100,100,5
117,-1.4233557460887958,-0.9624673484016152,-1.2276910418966436,-1.0577010654352592,100,100,5
118,-1.416244903380002,-0.9614620941497414,-1.2276910418966436,-1.0320662296207257,100,100,5
119,-1.4090824744609107,-0.9602800389578414,-1.2276910418966436,-1.0577010654352592,100,100,5
120,-1.401877971669474,-0.958924433130847,-1.2276910418966436,-1.0577010654352592,100,100,5
121,-1.3946409498540908,-0.9573986451077949,-1.2276910418966436,-1.0577010654352592,100,100,5
122,-1.3873809947978317,-0.955706156969553,-1.2276910418966436,-1.0577010654352592,100,100,5
123,-1.38010771160838,-0.9538505598382219,-1.2199065570323109,-1.0577010654352592,100,100,5
124,-1.3728307130874629,-0.9518355491737787,-1.2199065570323109,-1.0320662296207257,100,100,5
125,-1.3655596080935803,-0.9496649199736446,-1.2199065570323109,-1.0320662296207257,100,100,5
126,-1.35830398991183,-0.9473425618809694,-1.2276910418966436,-1.0320662296207257,100,100,5
127,-1.351073424644636,-0.9448724542075184,-1.2199670422995261,-1.0320662296207257,100,100,5
128,-1.3438774396371451,-0.9422586608771456,-1.2199670422995261,-0.8629389757428129,100,100,5
129,-1.3367255119510302,-0.9395053252959225,-1.2543383330080777,-1.0369128890058839,100,100,5
130,-1.3296270569003688,-0.9366166651550658,-1.2543383330080777,-0.800292082274261,100,100,5
131,-1.3225914166631991,-0.9335969671728876,-1.2543383330080777,-0.8629389757428129,100,100,5
132,-1.315627848982262,-0.9304505817820445,-1.250889080125822,-1.0312925393666794,101,101,6
133,-1.3087455159683314,-0.9271819177684293,-1.265359972811421,-1.0802156756248558,102,102,6
134,-1.3019534730194182,-0.9237954368680897,-1.2179879443182624,-1.05991934596665,103,103,6
135,-1.2952606578689874,-0.9202956483286066,-1.2172319011085309,-1.032750296263448,104,104,6
136,-1.2886758797761824,-0.9166871034413928,-1.2446112702482026,-1.0160702025068706,105,105,6
137,-1.2822078088708784,-0.9129743900514051,-1.2104233541422418,-1.0511943057991728,106,107,6
138,-1.2758649656662056,-0.9091621270507745,-1.2104233541422418,-1.0511943057991728,106,107,6
139,-1.2696557107509787,-0.9052549588628775,-1.2104233541422418,-1.0511943057991728,106,107,6
140,-1.2635882346742664,-0.9012575499233703,-1.2104233541422418,-1.1254268457654923,106,107,6
141,-1.257670548034096,-0.8971745791647026,-1.241472365309393,-1.1254268457654923,107,107,6
142,-1.2519104717820544,-0.8930107345106209,-1.2399029128399883,-1.1654150259404519,108,108,6
143,-1.2463156277552883,-0.8887707073871441,-1.223810777817809,-1.1637446033412455,109,109,6
144,-1.2408934294471337,-0.8844591872564742,-1.259266965364853,-1.1620741807420392,110,110,6
145,-1.2356510730273327,-0.8800808561802629,-1.2929978682565915,-1.1604037581428326,111,111,6
146,-1.2305955286224861,-0.875640383418619,-1.3391619036234554,-1.125233410503953,112,112,6
147,-1.225733531867094,-0.8711424200711857,-1.3908149177236377,-1.1205175401738672,113,113,6
148,-1.2210715757352133,-0.8665915937665639,-1.3873050329663603,-1.1158016698437814,114,114,6
149,-1.2166159026624226,-0.8619925034062877,-1.3464748849979504,-1.1110857995136956,115,115,6
150,-1.2123724969674519,-0.8573497139694934,-1.3402992671541634,-1.2334140786513594,116,116,6
151,-1.2083470775824718,-0.8526677513843334,-1.3341236493103763,-1.101654058853524,117,117,6
152,-1.204545091100677,-0.8479510974721132,-1.3341236493103763,-1.0738673206452602,117,117,6
153,-1.2009717051494198,-0.8432041849700216,-1.3341236493103763,-0.9964414738301496,117,117,6
154,-1.1976318020967653,-0.8384313926382363,-1.3341236493103763,-0.9964414738301496,117,117,6
155,-1.1945299730989496,-0.8336370404570719,-1.3341236493103763,-0.9964414738301496,117,117,6
156,-1.1916705124958114,-0.8288253849197245,-1.2513345569821728,-0.9964414738301496,117,117,6
157,-1.1890574125608615,-0.8240006144260531,-1.2513345569821728,-1.0011411633672203,117,116,6
158,-1.1866943586122376,-0.8191668447827005,-1.2477041431726068,-0.9964414738301496,118,117,6
159,-1.1845847244903531,-0.8143281148147329,-1.2440737293630408,-0.9456588533846535,119,118,6
160,-1.1827315684076338,-0.8094883820938313,-1.3155967957790156,-0.9096968338119528,120,119,6
161,-1.1811376291752744,-0.804651518787931,-1.2404433155534749,-0.8795014611678486,120,120,6
162,-1.1798053228115217,-0.7998213076370416,-1.2404433155534749,-0.8627474952839309,120,120,6
163,-1.178736739535524,-0.7950014380598412,-1.3155967957790156,-0.8627474952839309,120,120,6
164,-1.1779336411503403,-0.7901955023954603,-1.2404433155534749,-0.8627474952839309,120,120,6
165,-1.1773974588182383,-0.7854069922847139,-1.221287409293185,-0.8627474952839309,120,120,6
166,-1.1771292912309468,-0.7806392951948664,-1.1029314999204882,-0.8627474952839309,120,120,6
167,-1.1771299031770597,-0.7758956910918362,-1.1003860075366736,-0.8795014611678486,120,120,6
168,-1.1773997245083272,-0.7711793492635675,-1.1003860075366736,-0.8795014611678486,120,120,6
169,-1.1779388495060816,-0.766493325298107,-1.1003860075366736,-0.8627474952839309,120,120,6
170,-1.1787470366485902,-0.7618405582197425,-1.087959799543399,-0.8146604265359044,120,120,6
171,-1.1798237087796442,-0.7572238677863584,-1.087959799543399,-0.8146604265359044,120,120,6
172,-1.1811679536782127,-0.7526459519509697,-1.1003860075366736,-0.534413627474894,120,120,6
173,-1.1827785250285325,-0.7481093844901948,-1.0916005586433253,-0.534413627474894,120,120,6
174,-1.184653843789513,-0.7436166128022254,-1.0916005586433253,-0.534413627474894,120,120,6
175,-1.1867919999618763,-0.7391699558766444,-1.1741473887129683,-0.44966725589188555,120,120,6
176,-1.189190754750975,-0.7347716024382304,-1.242734328299945,-0.42125560291558,120,120,6
177,-1.1918475431227662,-0.7304236092666807,-1.242734328299945,-0.42125560291558,120,120,6
178,-1.1947594767499519,-0.7261278996939671,-1.242734328299945,-0.3896767984330663,120,120,6
179,-1.1979233473448334,-0.7218862622808253,-1.242734328299945,-0.3564111103728966,120,120,6
180,-1.2013356303749818,-0.7177003496736569,-1.1731702693609052,-0.32354945813498104,120,120,6
181,-1.2049924891573507,-0.7135716776429116,-1.1731702693609052,-0.4171899590485709,120,120,6
182,-1.2088897793260331,-0.709501624303787,-1.242734328299945,-0.3564111103728966,120,120,6
183,-1.2130230536684106,-0.7054914295198739,-1.1731702693609052,-0.3564111103728966,120,120,6
184,-1.2173875673240029,-0.7015421944901401,-1.1731702693609052,-0.3564111103728966,120,120,6
185,-1.2219782833399133,-0.6976548815194372,-1.1731702693609052,-0.3564111103728966,120,120,6
186,-1.2267898785763198,-0.6938303139724806,-1.242734328299945,-0.3564111103728966,120,120,6
187,-1.231816749955071,-0.6900691764110404,-1.242734328299945,-0.32354945813498104,120,120,6
188,-1.2370530210440227,-0.6863720149138515,-1.242734328299945,-0.32354945813498104,120,120,6
189,-1.2424925489693626,-0.6827392375785382,-1.1530962795295483,-0.32354945813498104,120,120,6
190,-1.2481289316477806,-0.6791711152046167,-1.1530962795295483,-0.3564111103728966,120,120,6
191,-1.253955515329958,-0.6756677821564371,-1.1530962795295483,-0.3564111103728966,120,120,6
192,-1.2599654024464884,-0.6722292374046909,-1.1530962795295483,-0.3564111103728966,120,120,6
193,-1.2661514597469825,-0.6688553457449069,-1.1530962795295483,-0.41256247062143625,120,120,6
194,-1.2725063267227563,-0.6655458391911399,-1.2428823367847586,-0.4762250783496632,120,120,6
195,-1.279022424303171,-0.6623003185428457,-1.2428823367847586,-0.504094899857933,120,120,6
196,-1.2856919638153728,-0.6591182551227248,-1.2684417701905513,-0.504094899857933,120,120,6
197,-1.2925069561968578,-0.6559989926831171,-1.2684417701905513,-0.504094899857933,120,120,6
198,-1.299459221449997,-0.6529417494783174,-1.2684417701905513,-0.5377094023967074,120,120,6
199,-1.306540398327363,-0.6499456204999898,-1.2684417701905513,-0.5377094023967074,120,120,6
200,-1.313741954236434,-0.6470095798726581,-1.2684417701905513,-0.5012365957749443,120,120,6
201,-1.3210551953519811,-0.644132483406055,-1.2684417701905513,-0.4762250783496632,120,120,6
202,-1.3284712769242055,-0.6413130713009283,-1.2764205854082897,-0.536239066021754,120,120,6
203,-1.3359812137704559,-0.6385499710047133,-1.2764205854082897,-0.536239066021754,120,120,6
204,-1.34357589093814,-0.6358417002133027,-1.2764205854082897,-0.536239066021754,120,120,6
205,-1.3512460745262411,-0.6331866700149643,-1.508510933666951,-0.5650669947863745,120,120,6
206,-1.3589824226526617,-0.6305831881722956,-1.508510933666951,-0.5650669947863745,120,120,6
207,-1.3667754965544379,-0.6280294625379244,-1.530887219683317,-0.6131450514953503,120,120,6
208,-1.3746157718077212,-0.6255236045995137,-1.5887273858773383,-0.6402560170442881,120,120,6
209,-1.3824936496542695,-0.6230636331494732,-1.5887273858773383,-0.6402560170442881,120,120,6
210,-1.3903994684210654,-0.6206474780746192,-1.530887219683317,-0.6402560170442881,120,120,6
211,-1.3983235150195796,-0.6182729842608938,-1.530887219683317,-0.6402560170442881,120,120,6
212,-1.4062560365110786,-0.6159379156081055,-1.530887219683317,-0.6494226253146015,120,120,6
213,-1.4141872517243235,-0.6136399591495262,-1.530887219683317,-0.6402560170442881,120,120,6
214,-1.4221073629119174,-0.6113767292710502,-1.5887273858773383,-0.6494226253146015,120,120,6
215,-1.4300065674315368,-0.6091457720245028,-1.712023556355839,-0.6494226253146015,120,120,6
216,-1.4378750694382276,-0.6069445695295712,-1.5933880497592716,-0.6494226253146015,120,120,6
217,-1.4457030915739504,-0.6047705444587255,-1.5933880497592716,-0.6679272590721121,120,120,6
218,-1.4534808866405524,-0.6026210645993936,-1.5933880497592716,-0.6679272590721121,120,120,6
219,-1.4611987492423602,-0.6004934474875661,-1.5933880497592716,-0.6679272590721121,120,120,6
220,-1.4688470273846301,-0.5983849651069173,-1.8127182427894895,-0.7269420467127723,120,120,6
221,-1.4764161340141317,-0.5962928486474487,-1.8127182427894895,-0.7323038332137849,120,120,6
222,-1.4838965584882184,-0.5942142933175937,-1.8127182427894895,-0.9124856856773752,120,120,6
223,-1.491278877958814,-0.5921464632036524,-1.8127182427894895,-0.7529009175416777,120,120,6
224,-1.498553768657844,-0.5900864961703736,-1.8127182427894895,-0.911953403627131,120,120,6
225,-1.505712017070762,-0.5880315087964453,-1.4589598165512065,-0.911953403627131,120,120,6
226,-1.512744530984939,-0.5859786013386186,-1.4589598165512065,-0.911953403627131,120,120,6
227,-1.5196423503998424,-0.5839248627181503,-1.377349704624871,-0.7529009175416777,120,120,6
228,-1.526396658286088,-0.5818673755232258,-1.365662395290539,-0.7529009175416777,120,120,6
229,-1.5329987911806198,-0.5798032210210016,-1.377349704624871,-0.7529009175416777,120,120,6
230,-1.5394402496054762,-0.5777294841728962,-1.377349704624871,-0.7529009175416777,120,120,6
231,-1.545712708297792,-0.5756432586467549,-1.3911773954472049,-0.7529009175416777,120,120,6
232,-1.5518080262389256,-0.5735416518195137,-1.3911773954472049,-0.7529942777881965,120,120,6
233,-1.5577182564708159,-0.5714217897640024,-1.3911773954472049,-0.7529942777881965,120,120,6
234,-1.5634356556879418,-0.5692808222135445,-1.3197276739973118,-0.7407634632413003,120,120,6
235,-1.5689526935935065,-0.5671159274980344,-1.3193081944659104,-0.7407634632413003,120,120,6
236,-1.5742620620087517,-0.5649243174452135,-1.3424028443106408,-0.9144849018009918,120,120,6
237,-1.5793566837245971,-0.5627032422408987,-1.3193081944659104,-0.7407634632413003,120,120,6
238,-1.5842297210850997,-0.5604499952419746,-1.3911773954472049,-0.9148811350692788,120,120,6
239,-1.588874584292546,-0.5581619177360104,-1.6307020727754977,-0.9148811350692788,120,120,6
240,-1.593284939424314,-0.5558364036414313,-1.3866073032292991,-0.7407634632413003,120,120,6
241,-1.5974547161519808,-0.5534709041422388,-1.3866073032292991,-0.7342835244769926,120,120,6
242,-1.6013781151535076,-0.5510629322513602,-1.4351123730697604,-0.6359161413821691,120,120,6
243,-1.60504961520968,-0.5486100672967873,-1.4351123730697604,-0.6359161413821691,120,120,6
244,-1.6084639799763736,-0.5461099593247563,-1.4351123730697604,-0.6207888063485861,120,120,6
245,-1.6116162644245744,-0.5435603334143252,-1.4875326521461154,-0.6207888063485861,120,120,6
246,-1.6145018209404887,-0.5409589938978061,-1.6307020727754977,-0.6207888063485861,120,120,6
247,-1.6171163050784736,-0.5383038284816238,-1.6307020727754977,-0.6359161413821691,120,120,6
248,-1.6194556809599208,-0.5355928122622933,-1.6307020727754977,-0.705036800805632,120,120,6
249,-1.6215162263116543,-0.5328240116323292,-1.5880393885938169,-0.7272273519140133,120,120,6
250,-1.6232945371378131,-0.5299955880710403,-1.5880393885938169,-0.7272273519140133,120,120,6
251,-1.624787532019637,-0.527105801815291,-1.4855277788848642,-0.7272273519140133,120,120,6
252,-1.6259924560379924,-0.5241530154054619,-1.5880393885938169,-0.6254141089464085,120,120,6
253,-1.6269068843139385,-0.5211356971019903,-1.5880393885938169,-0.6254141089464085,120,120,6
254,-1.6275287251630663,-0.5180524241680201,-1.6359145359196403,-0.6254141089464085,120,120,6
255,-1.6278562228598128,-0.5149018860138641,-1.696433709734722,-0.7272273519140133,120,120,6
256,-1.6278879600083922,-0.5116828871991335,-1.6293172002320702,-0.5921893738727924,120,120,6
257,-1.6276228595174773,-0.5083943502885695,-1.6293172002320702,-0.5648683971577071,120,120,6
258,-1.6270601861761975,-0.5050353185577826,-1.561013207254588,-0.5032878855948374,120,120,6
259,-1.6261995478295153,-0.5016049585452901,-1.5453095200975666,-0.4988723917758995,120,120,6
260,-1.625040896151503,-0.4981025624474195,-1.5453095200975666,-0.4988723917758995,120,120,6
261,-1.6235845270155118,-0.49452755035284285,-1.561013207254588,-0.4630104135688448,120,120,6
262,-1.6218310804607143,-0.49087947231369267,-1.561013207254588,-0.4630104135688448,120,120,6
263,-1.6197815402549542,-0.48715801025041044,-1.561013207254588,-0.4630104135688448,120,120,6
264,-1.6174372330543383,-0.4833629796876775,-1.561013207254588,-0.4630104135688448,120,120,6
265,-1.614799827160456,-0.47949433131897945,-1.561013207254588,-0.4630104135688448,120,120,6
266,-1.611871330876604,-0.475552152397565,-1.5461685068573148,-0.4630104135688448,120,120,6
267,-1.6086540904648543,-0.47153666795176574,-1.5475924846937148,-0.3414541341561655,118,120,6
268,-1.6051507877062838,-0.46744824182285594,-1.544642741008827,-0.2664197391009849,119,120,6
269,-1.6013644370671343,-0.4632873775238442,-1.5445975311793665,-0.21581496841553263,120,120,6
270,-1.5972983824741618,-0.4590547189178084,-1.5446879508382874,-0.16630534109061607,118,120,6
271,-1.5929562937028652,-0.4547510507145939,-1.5445523213499062,-0.16630534109061607,121,120,6
272,-1.5883421623827634,-0.4503772987849253,-1.5441477423269114,-0.16630534109061607,118,120,6
273,-1.5834602976243288,-0.4459345302911927,-1.5446879508382874,-0.16630534109061607,118,120,6
274,-1.5783153212726346,-0.4414239536344001,-1.5446879508382874,-0.21943264511879088,118,120,6
275,-1.5729121627932103,-0.4368469182169812,-1.544733160667748,-0.13821408961526827,117,120,6
276,-1.56725605379604,-0.4322049140214145,-1.5447783704972082,-0.0909177795977293,116,120,6
277,-1.5613525222040556,-0.427499571004789,-1.5765378325593686,-0.0805363404911037,116,120,6
278,-1.5552073860729003,-0.42273265830969486,-1.564105306711267,-0.1408692920955717,118,120,6
279,-1.5488267470691504,-0.4179060832920356,-1.5765378325593686,-0.1408692920955717,116,120,6
280,-1.5422169836145823,-0.4130218903665793,-1.5703215696353177,-0.3372679812520581,117,120,6
281,-1.5353847437044656,-0.4080822596712884,-1.5444213890063305,-0.22284486986607077,116,120,6
282,-1.5283369374082523,-0.4030895055516848,-1.5443523804108117,-0.1408692920955717,117,120,6
283,-1.521080729061396,-0.3980460748667266,-1.5651063421061482,-0.1408692920955717,119,120,6
284,-1.5136235291574118,-0.3929545451178882,-1.584756166273182,-0.17345790208182138,117,120,6
285,-1.505972985949635,-0.38781762240335277,-1.5552814300226314,-0.38133369899116487,120,120,6
286,-1.4981369767724668,-0.38263813919943107,-1.5552814300226314,-0.38133369899116487,120,120,6
287,-1.4901235990922574,-0.37741905197154124,-1.5539702667077717,-0.4367894621090396,120,120,6
288,-1.4819411612982591,-0.3721634386172824,-1.6798640222052026,-0.4367894621090396,120,120,6
289,-1.4735981732444132,-0.3668744957443431,-1.6798640222052026,-0.4367894621090396,120,120,6
290,-1.4651033365530195,-0.36155553578618604,-1.6798640222052026,-0.4367894621090396,120,120,6
291,-1.4564655346916198,-0.3562099839586498,-1.6798640222052026,-0.4367894621090396,120,120,6
292,-1.4476938228346903,-0.3508413750607988,-1.7426841779779798,-0.4484177271777786,120,120,6
293,-1.4387974175220026,-0.34545335012354944,-1.7426841779779798,-0.43638979368970754,120,120,6
294,-1.4297856861257334,-0.34004965290977557,-1.6805934405737306,-0.3803220166208466,120,120,6
295,-1.4206681361386544,-0.3346341262697943,-1.5749880068298194,-0.3803220166208466,120,120,6
296,-1.411454404295922,-0.32921070835629346,-1.3669607254798235,-0.3803220166208466,120,120,6
297,-1.402154245543198,-0.3237834287029497,-1.2440041603228769,-0.39270679629316657,120,120,6
298,-1.392777521864001,-0.3183564041711396,-1.3196262207933784,-0.3780551227552911,120,120,6
299,-1.3833341909793737,-0.31293383476932457,-1.3196262207933784,-0.3780551227552911,120,120,6
300,-1.37383429493308,-0.30751999934983265,-1.3196262207933784,-0.13282556259665831,120,120,6
301,-1.364287948575695,-0.3021192511879224,-1.3420651536344883,-0.1821332082535742,120,120,6
302,-1.3547053279610735,-0.29673601344815476,-1.3420651536344883,-0.29214761755262414,120,120,6
303,-1.3450966586687678,-0.291374774543242,-1.3188773665620992,-0.29214761755262414,120,120,6
304,-1.3354722040660805,-0.28604008339067427,-1.2451851567881984,-0.29214761755262414,120,120,6
305,-1.3258422535234826,-0.2807365445725544,-1.2451851567881984,-0.1361623982063985,120,120,6
306,-1.3162171105972045,-0.2754688134041928,-1.3035706810345902,-0.12233143216662029,120,120,6
307,-1.3066070811928339,-0.270241590917129,-1.2431985452951133,-0.09346828566202808,120,120,6
308,-1.29702246172378,-0.2650596187623523,-1.2029114481310623,-0.23796273894765788,120,120,6
309,-1.2874735272784756,-0.25992767403960293,-1.2246143428116123,-0.24143005234768136,120,120,6
310,-1.2779705198101732,-0.25485056405872186,-1.2246143428116123,-0.2898062351874682,120,120,6
311,-1.2685236363631671,-0.24983312103910937,-1.2246143428116123,-0.2898062351874682,120,120,6
312,-1.2591430173492315,-0.24488019675343248,-1.187956375214331,-0.24143005234768136,120,120,6
313,-1.2498387348880082,-0.23999665712179563,-1.1302680201769355,-0.24143005234768136,120,120,6
314,-1.2406207812249976,-0.23518737676265272,-1.1302680201769355,-0.24143005234768136,120,120,6
315,-1.231499057240724,-0.2304572335068016,-1.0494653150789373,-0.24143005234768136,120,120,6
316,-1.2224833610645305,-0.2258111028808468,-1.1302680201769355,-0.2898062351874682,120,120,6
317,-1.2135833768063429,-0.2212538525665693,-1.1302680201769355,-0.24143005234768136,120,120,6
318,-1.2048086634196051,-0.21679033684266966,-1.2276872651403699,-0.2898062351874682,120,120,6
319,-1.1961686437084271,-0.2124253910153862,-1.2276872651403699,-0.34404703301919437,120,120,6
320,-1.1876725934918233,-0.20816382584450407,-1.2276872651403699,-0.3616577358253246,120,120,6
321,-1.179329630937734,-0.20401042197129335,-1.2276872651403699,-0.34404703301919437,120,120,6
322,-1.171148706079327,-0.19996992435491157,-1.302085621031331,-0.34404703301919437,120,120,6
323,-1.1631385905258536,-0.19604703672380933,-1.302085621031331,-0.34404703301919437,120,120,6
324,-1.1553078673801107,-0.19224641604866483,-1.302085621031331,-0.34404703301919437,120,120,6
325,-1.147664921374325,-0.18857266704335904,-1.302085621031331,-0.34404703301919437,120,120,6
326,-1.1402179292360008,-0.18503033670047353,-1.3121793893229758,-0.34404703301919437,120,120,6
327,-1.132974850295025,-0.18162390886776664,-1.3121793893229758,-0.34404703301919437,120,120,6
328,-1.125943417343019,-0.1783577988720355,-1.3121793893229758,-0.1984439721644302,120,120,6
329,-1.1191311277556497,-0.17523634819673184,-1.3121793893229758,-0.18805902158047016,120,120,6
330,-1.112545234888286,-0.1722638192196353,-1.3121793893229758,-0.18805902158047016,120,120,6
331,-1.1061927397550824,-0.1694443900168366,-1.3121793893229758,-0.18805902158047016,120,120,6
332,-1.100080383001219,-0.1667821492391966,-1.3121793893229758,-0.18805902158047016,120,120,6
333,-1.094214637177711,-0.1642810910673893,-1.329697479415478,-0.18805902158047016,120,120,6
334,-1.088601699327813,-0.16194511025153369,-1.329697479415478,-0.19887875005913294,120,120,6
335,-1.0832474838936963,-0.15977799724133912,-1.329697479415478,-0.19887875005913294,120,120,6
336,-1.0781576159517106,-0.157783433412589,-1.329697479415478,-0.21310214315611056,120,120,6
337,-1.0733374247841239,-0.1559649863956734,-1.329697479415478,-0.21310214315611056,120,120,6
338,-1.0687919377948751,-0.15432610551178233,-1.128501762030446,-0.16062574542447441,120,120,6
339,-1.0645258747764383,-0.15287011732223743,-1.128501762030446,-0.03958090816116543,120,120,6
340,-1.0605436425345132,-0.15160022129632772,-1.128501762030446,-0.01823621413405434,120,120,6
341,-1.0568493298768113,-0.15051948560287381,-1.0243189098433458,-0.03958090816116543,120,120,6
342,-1.0534467029718,-0.14963084303061053,-0.9080445585042735,-0.03958090816116543,120,120,6
343,-1.0503392010828112,-0.148937087042333,-0.9080445585042735,-0.13273624036650394,120,120,6
344,-1.0475299326825072,-0.14844086796760297,-0.9142280567459471,-0.13273624036650394,120,120,6
345,-1.0450216719522178,-0.14814468933865227,-1.0193911693664826,-0.05610461123157667,120,120,6
346,-1.0428168556702415,-0.14805090437396384,-1.0193911693664826,-0.05610461123157667,120,120,6
347,-1.0409175804927195,-0.1481617126138401,-1.0331551460392805,-0.05610461123157667,120,120,6
348,-1.0393256006302514,-0.14847915671210005,-1.0331551460392805,-0.05610461123157667,120,120,6
349,-1.0380423259229439,-0.1490051193878667,-1.0331551460392805,-0.13273624036650394,120,120,6
350,-1.0370688203161191,-0.14974132054122824,-1.0331551460392805,-0.13273624036650394,120,120,6
351,-1.0364058007384407,-0.15068931453636691,-1.0331551460392805,-0.1605598740997353,120,120,6
352,-1.036053636383738,-0.1518504876555638,-1.0331551460392805,-0.21744370755003536,120,120,6
353,-1.0360123483973431,-0.15322605572728748,-1.0331551460392805,-0.21744370755003536,120,120,6
354,-1.0362816099672654,-0.15481706193138423,-1.0331551460392805,-0.1605598740997353,120,120,6
355,-1.036860746820073,-0.1566243747841765,-0.9142280567459471,-0.13425867382043266,120,120,6
356,-1.0377487381208552,-0.15864868630608026,-0.9025341349486108,-0.05910800523034631,120,120,6
357,-1.0389442177761787,-0.16089051037413765,-0.9025341349486108,-0.05910800523034631,120,120,6
358,-1.04044547613847,-0.16335018126165018,-0.9197384803016098,-0.0629103189902014,119,119,6
359,-1.0422504621097908,-0.16602785236689077,-0.7978603003370928,-0.06671263275005648,118,118,6
360,-1.0443567856424933,-0.1689234951326447,-0.806902821703283,-0.07051494650991158,117,117,6
361,-1.0467617206337938,-0.17203689815812556,-0.8132662474212207,-0.05293459094514677,116,116,6
362,-1.04946220821082,-0.17536766650457852,-0.8259930988570957,-0.05325073768185937,114,114,6
363,-1.0524548604022446,-0.17891522119567133,-0.9565215421391374,-0.0454019143362878,113,113,6
364,-1.055735964192155,-0.18267879891354422,-0.8924993478604305,-0.04596377348354425,112,112,6
365,-1.0593014859513659,-0.18665745189116922,-0.9632119622370106,-0.1409404343980391,111,111,6
366,-1.0631470762409307,-0.19085004800144212,-0.7761137364248435,-0.2737554883425232,110,110,6
